index,ch,site,value
0,9.0,106656.0,3.558
1,9.0,70531.0,3.491
2,9.0,275307.0,3.453
3,9.0,389702.0,3.408
4,9.0,70554.0,3.353
5,9.0,84401.0,3.346
6,9.0,70558.0,3.337
7,9.0,128941.0,3.304
8,9.0,291328.0,3.3
9,9.0,321466.0,3.254
10,9.0,128978.0,3.245
11,9.0,40331.0,3.226
12,9.0,40330.0,3.21
13,9.0,291332.0,3.121
14,9.0,291280.0,3.12
15,9.0,55799.0,3.071
16,9.0,179039.0,3.055
17,9.0,161826.0,3.042
18,9.0,179038.0,3.009
19,9.0,161843.0,2.987
20,9.0,235852.0,2.939
21,9.0,159818.0,2.93
22,9.0,175994.0,2.904
23,9.0,179291.0,2.9
24,9.0,419884.0,2.868
25,9.0,200064.0,2.862
26,9.0,175960.0,2.855
27,9.0,179284.0,2.852
28,9.0,55833.0,2.849
29,9.0,240212.0,2.823
30,9.0,266935.0,2.821
31,9.0,101559.0,2.796
32,9.0,101561.0,2.796
33,9.0,240494.0,2.79
34,9.0,382659.0,2.762
35,9.0,382655.0,2.755
36,9.0,321538.0,2.732
37,9.0,339406.0,2.701
38,9.0,382617.0,2.698
39,9.0,101598.0,2.688
40,9.0,366214.0,2.683
41,9.0,419915.0,2.68
42,9.0,421596.0,2.668
43,9.0,389650.0,2.667
44,9.0,149499.0,2.662
45,9.0,240557.0,2.656
46,9.0,162502.0,2.651
47,9.0,162505.0,2.643
48,9.0,101812.0,2.642
49,9.0,431256.0,2.639
50,9.0,185579.0,2.637
51,9.0,267273.0,2.632
52,9.0,37598.0,2.619
53,9.0,344069.0,2.616
54,9.0,47499.0,2.609
55,9.0,54254.0,2.596
56,9.0,54298.0,2.594
57,9.0,54260.0,2.587
58,9.0,240549.0,2.586
59,9.0,422363.0,2.584
60,9.0,390006.0,2.582
61,9.0,435443.0,2.582
62,9.0,240547.0,2.579
63,9.0,309030.0,2.571
64,9.0,169116.0,2.571
65,9.0,424750.0,2.569
66,9.0,286258.0,2.569
67,9.0,47512.0,2.556
68,9.0,54242.0,2.541
69,9.0,55853.0,2.537
70,9.0,99651.0,2.531
71,9.0,179314.0,2.53
72,9.0,55269.0,2.526
73,9.0,99647.0,2.523
74,9.0,242378.0,2.512
75,9.0,54025.0,2.511
76,9.0,382581.0,2.503
77,9.0,54009.0,2.495
78,9.0,57165.0,2.483
79,9.0,302585.0,2.482
80,9.0,344298.0,2.479
81,9.0,423832.0,2.476
82,9.0,268033.0,2.474
83,9.0,101507.0,2.47
84,9.0,52405.0,2.468
85,9.0,176376.0,2.468
86,9.0,53580.0,2.468
87,9.0,274907.0,2.465
88,9.0,422369.0,2.459
89,9.0,188496.0,2.45
90,9.0,55879.0,2.443
91,9.0,55220.0,2.443
92,9.0,321770.0,2.439
93,9.0,296231.0,2.432
94,9.0,176978.0,2.424
95,9.0,296146.0,2.424
96,9.0,166889.0,2.422
97,9.0,276201.0,2.418
98,9.0,269033.0,2.418
99,9.0,296135.0,2.417
100,9.0,270010.0,2.414
101,9.0,365938.0,2.409
102,9.0,264089.0,2.407
103,9.0,176385.0,2.4
104,9.0,269996.0,2.39
105,9.0,270085.0,2.387
106,9.0,158123.0,2.387
107,9.0,54006.0,2.386
108,9.0,159495.0,2.383
109,9.0,102090.0,2.379
110,9.0,250670.0,2.378
111,9.0,416203.0,2.373
112,9.0,313834.0,2.371
113,9.0,402211.0,2.353
114,9.0,168761.0,2.351
115,9.0,422196.0,2.351
116,9.0,94599.0,2.348
117,9.0,318396.0,2.339
118,9.0,241391.0,2.331
119,9.0,123020.0,2.319
120,9.0,123022.0,2.319
121,9.0,53506.0,2.317
122,9.0,179195.0,2.314
123,9.0,344110.0,2.313
124,9.0,188548.0,2.31
125,9.0,384531.0,2.309
126,9.0,398301.0,2.308
127,9.0,187541.0,2.307
128,9.0,421133.0,2.304
129,9.0,97460.0,2.302
130,9.0,421217.0,2.3
131,9.0,332214.0,2.299
132,9.0,269007.0,2.298
133,9.0,185663.0,2.293
134,9.0,56777.0,2.285
135,9.0,265328.0,2.284
136,9.0,264096.0,2.282
137,9.0,406782.0,2.28
138,9.0,378762.0,2.278
139,9.0,344139.0,2.277
140,9.0,435423.0,2.272
141,9.0,265424.0,2.272
142,9.0,369796.0,2.269
143,9.0,176945.0,2.268
144,9.0,398882.0,2.268
145,9.0,168742.0,2.265
146,9.0,344436.0,2.263
147,9.0,394406.0,2.263
148,9.0,421214.0,2.254
149,9.0,138293.0,2.253
150,9.0,129133.0,2.253
151,9.0,407357.0,2.245
152,9.0,286291.0,2.244
153,9.0,421239.0,2.244
154,9.0,168834.0,2.241
155,9.0,409085.0,2.239
156,9.0,158110.0,2.239
157,9.0,132693.0,2.235
158,9.0,409110.0,2.232
159,9.0,185676.0,2.232
160,9.0,126686.0,2.231
161,9.0,152815.0,2.225
162,9.0,152813.0,2.225
163,9.0,56799.0,2.223
164,9.0,420254.0,2.221
165,9.0,174675.0,2.216
166,9.0,94583.0,2.215
167,9.0,126720.0,2.214
168,9.0,81516.0,2.214
169,9.0,41071.0,2.211
170,9.0,147666.0,2.211
171,9.0,102197.0,2.204
172,9.0,435415.0,2.201
173,9.0,138291.0,2.2
174,9.0,176337.0,2.2
175,9.0,344230.0,2.2
176,9.0,187375.0,2.197
177,9.0,360579.0,2.194
178,9.0,383991.0,2.192
179,9.0,263997.0,2.188
180,9.0,257345.0,2.187
181,9.0,405016.0,2.187
182,9.0,34422.0,2.185
183,9.0,360169.0,2.182
184,9.0,185694.0,2.178
185,9.0,339363.0,2.174
186,9.0,401062.0,2.171
187,9.0,41154.0,2.17
188,9.0,199699.0,2.169
189,9.0,420262.0,2.168
190,9.0,382796.0,2.168
191,9.0,382827.0,2.168
192,9.0,411633.0,2.167
193,9.0,420275.0,2.167
194,9.0,147633.0,2.166
195,9.0,174570.0,2.165
196,9.0,377997.0,2.163
197,9.0,406881.0,2.162
198,9.0,274383.0,2.162
199,9.0,339359.0,2.158
200,9.0,93262.0,2.158
201,9.0,214416.0,2.155
202,9.0,407430.0,2.152
203,9.0,54220.0,2.152
204,9.0,93285.0,2.148
205,9.0,416254.0,2.145
206,9.0,86893.0,2.144
207,9.0,421335.0,2.139
208,9.0,318349.0,2.137
209,9.0,166830.0,2.136
210,9.0,48912.0,2.134
211,9.0,158063.0,2.133
212,9.0,132393.0,2.131
213,9.0,408536.0,2.13
214,9.0,150657.0,2.126
215,9.0,291257.0,2.126
216,9.0,91828.0,2.124
217,9.0,131303.0,2.123
218,9.0,344492.0,2.122
219,9.0,269363.0,2.122
220,9.0,344491.0,2.122
221,9.0,348226.0,2.121
222,9.0,152893.0,2.12
223,9.0,267159.0,2.119
224,9.0,383953.0,2.118
225,9.0,232560.0,2.117
226,9.0,214424.0,2.116
227,9.0,406890.0,2.115
228,9.0,408565.0,2.114
229,9.0,265894.0,2.108
230,9.0,193579.0,2.108
231,9.0,166788.0,2.105
232,9.0,56599.0,2.1
233,9.0,56605.0,2.1
234,9.0,420223.0,2.096
235,9.0,174697.0,2.092
236,9.0,84633.0,2.084
237,9.0,126666.0,2.083
238,9.0,315661.0,2.079
239,9.0,427711.0,2.074
240,9.0,366934.0,2.074
241,9.0,93712.0,2.073
242,9.0,267149.0,2.072
243,9.0,237709.0,2.06
244,9.0,421305.0,2.056
245,9.0,427533.0,2.053
246,9.0,38882.0,2.05
247,9.0,218821.0,2.049
248,9.0,376887.0,2.047
249,9.0,124119.0,2.045
250,9.0,232570.0,2.04
251,9.0,327594.0,2.034
252,9.0,162467.0,2.03
253,9.0,186852.0,2.029
254,9.0,302029.0,2.028
255,9.0,82620.0,2.028
256,9.0,284790.0,2.026
257,9.0,273715.0,2.022
258,9.0,188566.0,2.022
259,9.0,60835.0,2.02
260,9.0,376859.0,2.019
261,9.0,236440.0,2.018
262,9.0,28391.0,2.016
263,9.0,60840.0,2.013
264,9.0,377973.0,2.012
265,9.0,249100.0,2.006
266,9.0,412130.0,2.005
267,9.0,103695.0,2.003
268,9.0,327664.0,2.003
269,9.0,398886.0,2.002
270,9.0,427605.0,1.998
271,9.0,187263.0,1.997
272,9.0,336136.0,1.997
273,9.0,382930.0,1.99
274,9.0,360941.0,1.987
275,9.0,56737.0,1.985
276,9.0,400986.0,1.983
277,9.0,178186.0,1.983
278,9.0,237671.0,1.98
279,9.0,265293.0,1.979
280,9.0,378978.0,1.974
281,9.0,124103.0,1.973
282,9.0,422435.0,1.967
283,9.0,255664.0,1.965
284,9.0,253845.0,1.965
285,9.0,55393.0,1.964
286,9.0,255645.0,1.964
287,9.0,363635.0,1.961
288,9.0,253472.0,1.959
289,9.0,343503.0,1.957
290,9.0,188152.0,1.956
291,9.0,146342.0,1.954
292,9.0,96725.0,1.954
293,9.0,178164.0,1.952
294,9.0,199318.0,1.951
295,9.0,199792.0,1.95
296,9.0,128280.0,1.948
297,9.0,199941.0,1.946
298,9.0,242343.0,1.945
299,9.0,233123.0,1.945
300,9.0,282067.0,1.945
301,9.0,233124.0,1.945
302,9.0,177161.0,1.944
303,9.0,38591.0,1.943
304,9.0,267170.0,1.943
305,9.0,82656.0,1.943
306,9.0,91581.0,1.943
307,9.0,322831.0,1.94
308,9.0,387573.0,1.94
309,9.0,360195.0,1.939
310,9.0,83652.0,1.938
311,9.0,153749.0,1.938
312,9.0,344511.0,1.936
313,9.0,251200.0,1.936
314,9.0,313719.0,1.934
315,9.0,33848.0,1.933
316,9.0,305979.0,1.932
317,9.0,50871.0,1.929
318,9.0,41947.0,1.929
319,9.0,282073.0,1.929
320,9.0,153723.0,1.929
321,9.0,286775.0,1.928
322,9.0,219254.0,1.927
323,9.0,189130.0,1.927
324,9.0,124145.0,1.927
325,9.0,38348.0,1.927
326,9.0,215528.0,1.926
327,9.0,274735.0,1.923
328,9.0,411686.0,1.921
329,9.0,250989.0,1.921
330,9.0,124086.0,1.919
331,9.0,124014.0,1.916
332,9.0,387579.0,1.916
333,9.0,327685.0,1.916
334,9.0,176666.0,1.908
335,9.0,390121.0,1.907
336,9.0,193048.0,1.905
337,9.0,72325.0,1.898
338,9.0,193047.0,1.898
339,9.0,152633.0,1.898
340,9.0,427489.0,1.898
341,9.0,91569.0,1.895
342,9.0,305996.0,1.894
343,9.0,318477.0,1.892
344,9.0,241796.0,1.891
345,9.0,311744.0,1.887
346,9.0,339328.0,1.886
347,9.0,282024.0,1.883
348,9.0,177624.0,1.882
349,9.0,189119.0,1.882
350,9.0,398197.0,1.882
351,9.0,280624.0,1.881
352,9.0,422243.0,1.881
353,9.0,218835.0,1.88
354,9.0,284804.0,1.878
355,9.0,81582.0,1.878
356,9.0,407524.0,1.877
357,9.0,421680.0,1.875
358,9.0,267618.0,1.869
359,9.0,298280.0,1.868
360,9.0,177627.0,1.867
361,9.0,428151.0,1.867
362,9.0,126929.0,1.863
363,9.0,218749.0,1.859
364,9.0,87365.0,1.859
365,9.0,60863.0,1.858
366,9.0,421722.0,1.854
367,9.0,203940.0,1.853
368,9.0,305919.0,1.853
369,9.0,318327.0,1.853
370,9.0,383933.0,1.852
371,9.0,159639.0,1.852
372,9.0,414348.0,1.849
373,9.0,302461.0,1.84
374,9.0,407599.0,1.838
375,9.0,378184.0,1.837
376,9.0,191708.0,1.837
377,9.0,56552.0,1.837
378,9.0,178894.0,1.836
379,9.0,410981.0,1.835
380,9.0,410982.0,1.835
381,9.0,48573.0,1.834
382,9.0,55581.0,1.833
383,9.0,253257.0,1.832
384,9.0,265228.0,1.832
385,9.0,187254.0,1.831
386,9.0,118013.0,1.831
387,9.0,54752.0,1.83
388,9.0,236367.0,1.83
389,9.0,237097.0,1.829
390,9.0,242293.0,1.829
391,9.0,333464.0,1.825
392,9.0,95658.0,1.823
393,9.0,413373.0,1.821
394,9.0,335179.0,1.82
395,9.0,376016.0,1.817
396,9.0,286050.0,1.816
397,9.0,169162.0,1.808
398,9.0,219328.0,1.806
399,9.0,34284.0,1.806
400,9.0,416325.0,1.806
401,9.0,384038.0,1.805
402,9.0,406740.0,1.804
403,9.0,133471.0,1.804
404,9.0,214472.0,1.804
405,9.0,87326.0,1.802
406,9.0,382966.0,1.801
407,9.0,132379.0,1.8
408,9.0,84488.0,1.799
409,9.0,101755.0,1.797
410,9.0,202664.0,1.795
411,9.0,194147.0,1.793
412,9.0,126307.0,1.793
413,9.0,265452.0,1.791
414,9.0,305915.0,1.791
415,9.0,398543.0,1.791
416,9.0,50897.0,1.789
417,9.0,417830.0,1.787
418,9.0,253280.0,1.786
419,9.0,414132.0,1.785
420,9.0,407623.0,1.784
421,9.0,341788.0,1.784
422,9.0,341783.0,1.784
423,9.0,421625.0,1.784
424,9.0,109338.0,1.784
425,9.0,394343.0,1.783
426,9.0,398111.0,1.783
427,9.0,370958.0,1.782
428,9.0,106427.0,1.782
429,9.0,185702.0,1.781
430,9.0,417831.0,1.78
431,9.0,400452.0,1.78
432,9.0,268302.0,1.779
433,9.0,248147.0,1.777
434,9.0,175927.0,1.775
435,9.0,250963.0,1.774
436,9.0,91483.0,1.771
437,9.0,345529.0,1.771
438,9.0,382913.0,1.77
439,9.0,349420.0,1.765
440,9.0,75525.0,1.764
441,9.0,91478.0,1.763
442,9.0,423736.0,1.763
443,9.0,416562.0,1.762
444,9.0,37766.0,1.762
445,9.0,250734.0,1.762
446,9.0,222379.0,1.761
447,9.0,369289.0,1.759
448,9.0,344638.0,1.758
449,9.0,400446.0,1.757
450,9.0,109327.0,1.754
451,9.0,38524.0,1.752
452,9.0,83400.0,1.751
453,9.0,50807.0,1.751
454,9.0,394583.0,1.75
455,9.0,94092.0,1.749
456,9.0,87310.0,1.748
457,9.0,82840.0,1.748
458,9.0,38933.0,1.746
459,9.0,376023.0,1.746
460,9.0,373770.0,1.746
461,9.0,83539.0,1.746
462,9.0,290938.0,1.745
463,9.0,382552.0,1.744
464,9.0,394681.0,1.743
465,9.0,133217.0,1.743
466,9.0,416104.0,1.741
467,9.0,38608.0,1.741
468,9.0,87304.0,1.741
469,9.0,369279.0,1.741
470,9.0,382986.0,1.74
471,9.0,280613.0,1.739
472,9.0,93775.0,1.739
473,9.0,255684.0,1.738
474,9.0,47147.0,1.737
475,9.0,93832.0,1.737
476,9.0,132344.0,1.736
477,9.0,257230.0,1.735
478,9.0,217014.0,1.734
479,9.0,96410.0,1.733
480,9.0,414143.0,1.731
481,9.0,117646.0,1.73
482,9.0,413701.0,1.73
483,9.0,318310.0,1.73
484,9.0,314571.0,1.728
485,9.0,129370.0,1.727
486,9.0,203044.0,1.726
487,9.0,264107.0,1.725
488,9.0,414402.0,1.725
489,9.0,360487.0,1.723
490,9.0,357152.0,1.722
491,9.0,37743.0,1.722
492,9.0,213231.0,1.721
493,9.0,398918.0,1.72
494,9.0,54886.0,1.72
495,9.0,394641.0,1.719
496,9.0,54590.0,1.719
497,9.0,411544.0,1.718
498,9.0,240434.0,1.717
499,9.0,308106.0,1.716
500,9.0,280609.0,1.715
501,9.0,404959.0,1.713
502,9.0,399745.0,1.709
503,9.0,244306.0,1.709
504,9.0,333946.0,1.707
505,9.0,344007.0,1.706
506,9.0,409017.0,1.706
507,9.0,415668.0,1.704
508,9.0,29250.0,1.703
509,9.0,34316.0,1.703
510,9.0,369312.0,1.702
511,9.0,266544.0,1.7
512,9.0,361584.0,1.7
513,9.0,365658.0,1.699
514,9.0,85469.0,1.698
515,9.0,333944.0,1.698
516,9.0,83687.0,1.697
517,9.0,198471.0,1.694
518,9.0,414159.0,1.692
519,9.0,38375.0,1.691
520,9.0,358542.0,1.69
521,9.0,266827.0,1.69
522,9.0,314601.0,1.688
523,9.0,94132.0,1.687
524,9.0,346407.0,1.686
525,9.0,414174.0,1.686
526,9.0,405482.0,1.684
527,9.0,81606.0,1.684
528,9.0,361615.0,1.684
529,9.0,50653.0,1.682
530,9.0,265276.0,1.682
531,9.0,313223.0,1.681
532,9.0,106419.0,1.679
533,9.0,358527.0,1.676
534,9.0,265260.0,1.675
535,9.0,276907.0,1.675
536,9.0,74489.0,1.674
537,9.0,420498.0,1.674
538,9.0,152698.0,1.673
539,9.0,33203.0,1.671
540,9.0,380185.0,1.671
541,9.0,322789.0,1.67
542,9.0,407444.0,1.668
543,9.0,97855.0,1.667
544,9.0,374538.0,1.666
545,9.0,309976.0,1.663
546,9.0,415232.0,1.663
547,9.0,107401.0,1.661
548,9.0,307858.0,1.66
549,9.0,54078.0,1.66
550,9.0,244339.0,1.657
551,9.0,178439.0,1.656
552,9.0,232656.0,1.652
553,9.0,36747.0,1.65
554,9.0,156507.0,1.649
555,9.0,404668.0,1.648
556,9.0,350736.0,1.648
557,9.0,387883.0,1.647
558,9.0,234051.0,1.647
559,9.0,387902.0,1.647
560,9.0,54498.0,1.645
561,9.0,358521.0,1.645
562,9.0,193404.0,1.645
563,9.0,178545.0,1.644
564,9.0,131406.0,1.643
565,9.0,38946.0,1.643
566,9.0,378207.0,1.642
567,9.0,419002.0,1.641
568,9.0,349522.0,1.641
569,9.0,236212.0,1.64
570,9.0,331968.0,1.64
571,9.0,244932.0,1.639
572,9.0,244903.0,1.638
573,9.0,398500.0,1.637
574,9.0,72393.0,1.635
575,9.0,389905.0,1.635
576,9.0,244312.0,1.634
577,9.0,425149.0,1.634
578,9.0,422614.0,1.634
579,9.0,388893.0,1.633
580,9.0,153684.0,1.633
581,9.0,403637.0,1.632
582,9.0,371777.0,1.631
583,9.0,416287.0,1.628
584,9.0,314597.0,1.627
585,9.0,353436.0,1.626
586,9.0,249254.0,1.625
587,9.0,292648.0,1.624
588,9.0,262645.0,1.622
589,9.0,118860.0,1.619
590,9.0,176577.0,1.618
591,9.0,47225.0,1.618
592,9.0,244251.0,1.617
593,9.0,78153.0,1.616
594,9.0,403907.0,1.616
595,9.0,178543.0,1.613
596,9.0,54495.0,1.613
597,9.0,73396.0,1.613
598,9.0,369752.0,1.612
599,9.0,109433.0,1.611
600,9.0,95675.0,1.61
601,9.0,377933.0,1.607
602,9.0,237020.0,1.606
603,9.0,309638.0,1.606
604,9.0,127231.0,1.605
605,9.0,420524.0,1.604
606,9.0,274317.0,1.603
607,9.0,378844.0,1.602
608,9.0,340208.0,1.602
609,9.0,34073.0,1.601
610,9.0,227613.0,1.601
611,9.0,211864.0,1.599
612,9.0,267682.0,1.596
613,9.0,422505.0,1.596
614,9.0,322110.0,1.595
615,9.0,178236.0,1.595
616,9.0,179554.0,1.595
617,9.0,152681.0,1.594
618,9.0,236194.0,1.593
619,9.0,97894.0,1.592
620,9.0,408941.0,1.592
621,9.0,176450.0,1.592
622,9.0,188456.0,1.591
623,9.0,97884.0,1.591
624,9.0,237012.0,1.59
625,9.0,295538.0,1.59
626,9.0,248169.0,1.589
627,9.0,97717.0,1.589
628,9.0,220486.0,1.589
629,9.0,124957.0,1.588
630,9.0,431220.0,1.586
631,9.0,95796.0,1.584
632,9.0,147751.0,1.583
633,9.0,275955.0,1.581
634,9.0,200771.0,1.581
635,9.0,31190.0,1.58
636,9.0,56963.0,1.58
637,9.0,127829.0,1.578
638,9.0,249277.0,1.578
639,9.0,368681.0,1.575
640,9.0,73356.0,1.575
641,9.0,364248.0,1.575
642,9.0,165317.0,1.574
643,9.0,95715.0,1.573
644,9.0,157735.0,1.573
645,9.0,409479.0,1.57
646,9.0,163569.0,1.567
647,9.0,428271.0,1.565
648,9.0,78150.0,1.563
649,9.0,241451.0,1.561
650,9.0,174183.0,1.561
651,9.0,382135.0,1.56
652,9.0,383843.0,1.559
653,9.0,298976.0,1.559
654,9.0,161250.0,1.558
655,9.0,232598.0,1.557
656,9.0,94684.0,1.556
657,9.0,36730.0,1.554
658,9.0,232401.0,1.554
659,9.0,56727.0,1.553
660,9.0,113846.0,1.55
661,9.0,199932.0,1.55
662,9.0,358495.0,1.549
663,9.0,95860.0,1.548
664,9.0,361924.0,1.548
665,9.0,214125.0,1.547
666,9.0,30488.0,1.546
667,9.0,192737.0,1.546
668,9.0,90128.0,1.546
669,9.0,294939.0,1.546
670,9.0,405627.0,1.544
671,9.0,231010.0,1.543
672,9.0,188073.0,1.543
673,9.0,165341.0,1.543
674,9.0,357208.0,1.543
675,9.0,298996.0,1.543
676,9.0,275516.0,1.543
677,9.0,266049.0,1.542
678,9.0,85974.0,1.541
679,9.0,415379.0,1.54
680,9.0,129439.0,1.539
681,9.0,264129.0,1.537
682,9.0,332921.0,1.537
683,9.0,340836.0,1.536
684,9.0,232637.0,1.536
685,9.0,266811.0,1.535
686,9.0,147752.0,1.534
687,9.0,156490.0,1.532
688,9.0,263969.0,1.532
689,9.0,400506.0,1.532
690,9.0,149758.0,1.531
691,9.0,149770.0,1.53
692,9.0,194129.0,1.527
693,9.0,343240.0,1.526
694,9.0,68522.0,1.526
695,9.0,335127.0,1.525
696,9.0,382538.0,1.525
697,9.0,358486.0,1.525
698,9.0,60148.0,1.525
699,9.0,394690.0,1.524
700,9.0,103852.0,1.522
701,9.0,188213.0,1.52
702,9.0,334984.0,1.519
703,9.0,222979.0,1.518
704,9.0,271377.0,1.517
705,9.0,343203.0,1.514
706,9.0,270171.0,1.511
707,9.0,73144.0,1.511
708,9.0,151858.0,1.51
709,9.0,188036.0,1.51
710,9.0,233203.0,1.508
711,9.0,310340.0,1.507
712,9.0,103868.0,1.505
713,9.0,84735.0,1.505
714,9.0,48248.0,1.505
715,9.0,232319.0,1.503
716,9.0,303121.0,1.502
717,9.0,422839.0,1.502
718,9.0,396488.0,1.501
719,9.0,214138.0,1.5
720,9.0,236041.0,1.497
721,9.0,286842.0,1.497
722,9.0,320247.0,1.497
723,9.0,181552.0,1.497
724,9.0,34181.0,1.496
725,9.0,140379.0,1.493
726,9.0,169217.0,1.493
727,9.0,397833.0,1.493
728,9.0,405666.0,1.492
729,9.0,31818.0,1.492
730,9.0,365732.0,1.491
731,9.0,299876.0,1.49
732,9.0,213221.0,1.49
733,9.0,52512.0,1.489
734,9.0,133587.0,1.487
735,9.0,56944.0,1.487
736,9.0,276812.0,1.487
737,9.0,380154.0,1.485
738,9.0,311701.0,1.484
739,9.0,57520.0,1.483
740,9.0,405641.0,1.483
741,9.0,203760.0,1.482
742,9.0,322431.0,1.482
743,9.0,53094.0,1.481
744,9.0,308189.0,1.481
745,9.0,149605.0,1.48
746,9.0,216349.0,1.479
747,9.0,36570.0,1.478
748,9.0,250264.0,1.478
749,9.0,425051.0,1.477
750,9.0,181023.0,1.476
751,9.0,149738.0,1.475
752,9.0,402513.0,1.474
753,9.0,332896.0,1.474
754,9.0,188205.0,1.473
755,9.0,114615.0,1.473
756,9.0,157823.0,1.472
757,9.0,143579.0,1.47
758,9.0,31803.0,1.469
759,9.0,310396.0,1.468
760,9.0,403875.0,1.468
761,9.0,278361.0,1.468
762,9.0,311694.0,1.468
763,9.0,396214.0,1.465
764,9.0,250956.0,1.465
765,9.0,289881.0,1.463
766,9.0,233084.0,1.462
767,9.0,397757.0,1.46
768,9.0,312229.0,1.46
769,9.0,296914.0,1.46
770,9.0,365730.0,1.459
771,9.0,233816.0,1.459
772,9.0,362746.0,1.459
773,9.0,365835.0,1.457
774,9.0,261463.0,1.457
775,9.0,31185.0,1.455
776,9.0,356692.0,1.454
777,9.0,424049.0,1.454
778,9.0,36718.0,1.454
779,9.0,76578.0,1.452
780,9.0,76577.0,1.452
781,9.0,94460.0,1.452
782,9.0,162835.0,1.45
783,9.0,261574.0,1.45
784,9.0,399121.0,1.45
785,9.0,145348.0,1.449
786,9.0,162896.0,1.448
787,9.0,36693.0,1.447
788,9.0,313281.0,1.447
789,9.0,330612.0,1.443
790,9.0,378814.0,1.443
791,9.0,125061.0,1.443
792,9.0,306860.0,1.44
793,9.0,60129.0,1.439
794,9.0,29571.0,1.438
795,9.0,95763.0,1.438
796,9.0,148502.0,1.436
797,9.0,354127.0,1.436
798,9.0,275561.0,1.436
799,9.0,48327.0,1.436
800,9.0,52543.0,1.433
801,9.0,425046.0,1.432
802,9.0,306840.0,1.432
803,9.0,270192.0,1.432
804,9.0,227593.0,1.431
805,9.0,269733.0,1.431
806,9.0,51872.0,1.431
807,9.0,333492.0,1.429
808,9.0,41314.0,1.427
809,9.0,273236.0,1.427
810,9.0,333893.0,1.425
811,9.0,378880.0,1.425
812,9.0,91721.0,1.424
813,9.0,130103.0,1.422
814,9.0,245315.0,1.421
815,9.0,421760.0,1.419
816,9.0,299074.0,1.418
817,9.0,184012.0,1.418
818,9.0,162260.0,1.418
819,9.0,286090.0,1.417
820,9.0,359702.0,1.416
821,9.0,284839.0,1.415
822,9.0,131179.0,1.415
823,9.0,367888.0,1.415
824,9.0,387953.0,1.414
825,9.0,403868.0,1.413
826,9.0,402119.0,1.413
827,9.0,386167.0,1.411
828,9.0,399074.0,1.411
829,9.0,365506.0,1.409
830,9.0,65246.0,1.409
831,9.0,198506.0,1.408
832,9.0,27592.0,1.408
833,9.0,360074.0,1.407
834,9.0,424003.0,1.407
835,9.0,214087.0,1.407
836,9.0,214167.0,1.407
837,9.0,226689.0,1.406
838,9.0,193482.0,1.406
839,9.0,286505.0,1.406
840,9.0,27634.0,1.405
841,9.0,121349.0,1.405
842,9.0,52730.0,1.403
843,9.0,299075.0,1.403
844,9.0,169284.0,1.402
845,9.0,303515.0,1.401
846,9.0,140274.0,1.401
847,9.0,65192.0,1.401
848,9.0,57971.0,1.4
849,9.0,394200.0,1.4
850,9.0,226680.0,1.399
851,9.0,96043.0,1.399
852,9.0,48343.0,1.399
853,9.0,393521.0,1.398
854,9.0,94472.0,1.397
855,9.0,273216.0,1.397
856,9.0,385135.0,1.396
857,9.0,72519.0,1.396
858,9.0,267714.0,1.393
859,9.0,211642.0,1.393
860,9.0,405758.0,1.392
861,9.0,40560.0,1.391
862,9.0,101010.0,1.391
863,9.0,323777.0,1.39
864,9.0,131192.0,1.389
865,9.0,407202.0,1.388
866,9.0,301762.0,1.388
867,9.0,411178.0,1.385
868,9.0,406549.0,1.383
869,9.0,54198.0,1.383
870,9.0,54194.0,1.383
871,9.0,320230.0,1.382
872,9.0,140198.0,1.382
873,9.0,369136.0,1.382
874,9.0,168724.0,1.382
875,9.0,174030.0,1.38
876,9.0,263636.0,1.378
877,9.0,322136.0,1.377
878,9.0,362287.0,1.377
879,9.0,215979.0,1.376
880,9.0,281700.0,1.376
881,9.0,143502.0,1.376
882,9.0,163660.0,1.376
883,9.0,406578.0,1.376
884,9.0,163659.0,1.376
885,9.0,118152.0,1.375
886,9.0,227931.0,1.375
887,9.0,91727.0,1.375
888,9.0,188260.0,1.375
889,9.0,425958.0,1.374
890,9.0,405210.0,1.373
891,9.0,330007.0,1.372
892,9.0,29644.0,1.372
893,9.0,150359.0,1.372
894,9.0,220874.0,1.372
895,9.0,403124.0,1.372
896,9.0,365486.0,1.37
897,9.0,424298.0,1.37
898,9.0,55918.0,1.37
899,9.0,162227.0,1.37
900,9.0,143592.0,1.369
901,9.0,177770.0,1.369
902,9.0,204895.0,1.368
903,9.0,278613.0,1.368
904,9.0,192137.0,1.368
905,9.0,140305.0,1.368
906,9.0,264251.0,1.368
907,9.0,140203.0,1.367
908,9.0,161051.0,1.367
909,9.0,156482.0,1.366
910,9.0,245267.0,1.366
911,9.0,383860.0,1.366
912,9.0,161735.0,1.365
913,9.0,333879.0,1.363
914,9.0,52626.0,1.363
915,9.0,211650.0,1.363
916,9.0,118356.0,1.362
917,9.0,241500.0,1.362
918,9.0,159211.0,1.361
919,9.0,322602.0,1.361
920,9.0,264260.0,1.36
921,9.0,92758.0,1.359
922,9.0,261912.0,1.359
923,9.0,27645.0,1.359
924,9.0,261952.0,1.358
925,9.0,340926.0,1.358
926,9.0,385056.0,1.357
927,9.0,167202.0,1.356
928,9.0,125085.0,1.356
929,9.0,146286.0,1.355
930,9.0,49863.0,1.353
931,9.0,131162.0,1.353
932,9.0,112781.0,1.353
933,9.0,323981.0,1.352
934,9.0,411480.0,1.351
935,9.0,261950.0,1.35
936,9.0,242220.0,1.348
937,9.0,343963.0,1.348
938,9.0,35293.0,1.348
939,9.0,381454.0,1.346
940,9.0,37819.0,1.345
941,9.0,165776.0,1.344
942,9.0,216173.0,1.343
943,9.0,228706.0,1.343
944,9.0,411478.0,1.343
945,9.0,330579.0,1.342
946,9.0,436256.0,1.342
947,9.0,297366.0,1.34
948,9.0,245708.0,1.34
949,9.0,192709.0,1.34
950,9.0,306202.0,1.337
951,9.0,425972.0,1.336
952,9.0,263752.0,1.336
953,9.0,34114.0,1.336
954,9.0,176919.0,1.335
955,9.0,407959.0,1.333
956,9.0,279269.0,1.331
957,9.0,275743.0,1.33
958,9.0,223074.0,1.329
959,9.0,233207.0,1.329
960,9.0,322146.0,1.329
961,9.0,311637.0,1.328
962,9.0,306457.0,1.328
963,9.0,99719.0,1.328
964,9.0,126608.0,1.328
965,9.0,40579.0,1.328
966,9.0,121423.0,1.328
967,9.0,162004.0,1.327
968,9.0,352734.0,1.325
969,9.0,85865.0,1.325
970,9.0,269456.0,1.325
971,9.0,239342.0,1.323
972,9.0,192131.0,1.323
973,9.0,275741.0,1.322
974,9.0,36556.0,1.321
975,9.0,425941.0,1.32
976,9.0,98026.0,1.32
977,9.0,103810.0,1.32
978,9.0,309432.0,1.319
979,9.0,230712.0,1.316
980,9.0,415574.0,1.316
981,9.0,263955.0,1.315
982,9.0,368273.0,1.315
983,9.0,413167.0,1.313
984,9.0,157872.0,1.312
985,9.0,312178.0,1.312
986,9.0,425503.0,1.31
987,9.0,406929.0,1.307
988,9.0,58024.0,1.307
989,9.0,294993.0,1.307
990,9.0,96323.0,1.305
991,9.0,333796.0,1.304
992,9.0,356394.0,1.304
993,9.0,280726.0,1.303
994,9.0,269668.0,1.303
995,9.0,382162.0,1.302
996,9.0,330811.0,1.301
997,9.0,239494.0,1.301
998,9.0,233845.0,1.301
999,9.0,361395.0,1.3
1000,9.0,310430.0,1.299
1001,9.0,160994.0,1.299
1002,9.0,204652.0,1.298
1003,9.0,296566.0,1.298
1004,9.0,400534.0,1.298
1005,9.0,354063.0,1.297
1006,9.0,230433.0,1.297
1007,9.0,40535.0,1.297
1008,9.0,230432.0,1.297
1009,9.0,398062.0,1.295
1010,9.0,420129.0,1.295
1011,9.0,295011.0,1.294
1012,9.0,218914.0,1.294
1013,9.0,250242.0,1.293
1014,9.0,58036.0,1.292
1015,9.0,58032.0,1.292
1016,9.0,178688.0,1.292
1017,9.0,113871.0,1.292
1018,9.0,76901.0,1.291
1019,9.0,263755.0,1.289
1020,9.0,169240.0,1.288
1021,9.0,346148.0,1.288
1022,9.0,333786.0,1.288
1023,9.0,346147.0,1.288
1024,9.0,189198.0,1.288
1025,9.0,378446.0,1.287
1026,9.0,154768.0,1.287
1027,9.0,252447.0,1.286
1028,9.0,219441.0,1.286
1029,9.0,306572.0,1.284
1030,9.0,52555.0,1.284
1031,9.0,343126.0,1.281
1032,9.0,122340.0,1.279
1033,9.0,407222.0,1.278
1034,9.0,415988.0,1.278
1035,9.0,425024.0,1.276
1036,9.0,214189.0,1.276
1037,9.0,219926.0,1.275
1038,9.0,415540.0,1.275
1039,9.0,405179.0,1.274
1040,9.0,289416.0,1.273
1041,9.0,251732.0,1.272
1042,9.0,252982.0,1.271
1043,9.0,53613.0,1.27
1044,9.0,264376.0,1.27
1045,9.0,333867.0,1.269
1046,9.0,258120.0,1.269
1047,9.0,381471.0,1.269
1048,9.0,76301.0,1.268
1049,9.0,229896.0,1.266
1050,9.0,350390.0,1.266
1051,9.0,60397.0,1.265
1052,9.0,33759.0,1.264
1053,9.0,309383.0,1.264
1054,9.0,396248.0,1.262
1055,9.0,86500.0,1.262
1056,9.0,361347.0,1.261
1057,9.0,211937.0,1.26
1058,9.0,112913.0,1.259
1059,9.0,397870.0,1.259
1060,9.0,303979.0,1.258
1061,9.0,173890.0,1.258
1062,9.0,291588.0,1.256
1063,9.0,361804.0,1.256
1064,9.0,70742.0,1.256
1065,9.0,345012.0,1.256
1066,9.0,303150.0,1.254
1067,9.0,165274.0,1.254
1068,9.0,201032.0,1.254
1069,9.0,102043.0,1.253
1070,9.0,71343.0,1.253
1071,9.0,253352.0,1.252
1072,9.0,85105.0,1.251
1073,9.0,253601.0,1.251
1074,9.0,407020.0,1.251
1075,9.0,395364.0,1.25
1076,9.0,289466.0,1.25
1077,9.0,242188.0,1.249
1078,9.0,301807.0,1.249
1079,9.0,274588.0,1.248
1080,9.0,420691.0,1.247
1081,9.0,383307.0,1.247
1082,9.0,151660.0,1.247
1083,9.0,337470.0,1.247
1084,9.0,251291.0,1.247
1085,9.0,249339.0,1.246
1086,9.0,172662.0,1.246
1087,9.0,290844.0,1.246
1088,9.0,266061.0,1.245
1089,9.0,180182.0,1.244
1090,9.0,113025.0,1.244
1091,9.0,97585.0,1.243
1092,9.0,228717.0,1.243
1093,9.0,148888.0,1.243
1094,9.0,289996.0,1.24
1095,9.0,70803.0,1.239
1096,9.0,37054.0,1.237
1097,9.0,180180.0,1.236
1098,9.0,99562.0,1.236
1099,9.0,97586.0,1.235
1100,9.0,229928.0,1.233
1101,9.0,251300.0,1.232
1102,9.0,434994.0,1.23
1103,9.0,303424.0,1.229
1104,9.0,349190.0,1.229
1105,9.0,275419.0,1.229
1106,9.0,214076.0,1.229
1107,9.0,230610.0,1.228
1108,9.0,253427.0,1.228
1109,9.0,76415.0,1.228
1110,9.0,82748.0,1.226
1111,9.0,167018.0,1.226
1112,9.0,242248.0,1.225
1113,9.0,72192.0,1.225
1114,9.0,42525.0,1.224
1115,9.0,251298.0,1.224
1116,9.0,135785.0,1.223
1117,9.0,415135.0,1.222
1118,9.0,86459.0,1.222
1119,9.0,201041.0,1.222
1120,9.0,372312.0,1.222
1121,9.0,170415.0,1.221
1122,9.0,167035.0,1.22
1123,9.0,31739.0,1.22
1124,9.0,423897.0,1.219
1125,9.0,94521.0,1.219
1126,9.0,113142.0,1.219
1127,9.0,286538.0,1.219
1128,9.0,253054.0,1.218
1129,9.0,216776.0,1.218
1130,9.0,430231.0,1.217
1131,9.0,311436.0,1.217
1132,9.0,379641.0,1.216
1133,9.0,65158.0,1.216
1134,9.0,350806.0,1.216
1135,9.0,428027.0,1.215
1136,9.0,253028.0,1.215
1137,9.0,69877.0,1.215
1138,9.0,346299.0,1.215
1139,9.0,411363.0,1.215
1140,9.0,171915.0,1.214
1141,9.0,114148.0,1.214
1142,9.0,411367.0,1.214
1143,9.0,118405.0,1.214
1144,9.0,313078.0,1.214
1145,9.0,420600.0,1.213
1146,9.0,313305.0,1.213
1147,9.0,151770.0,1.213
1148,9.0,229808.0,1.213
1149,9.0,38674.0,1.212
1150,9.0,179623.0,1.212
1151,9.0,90565.0,1.212
1152,9.0,237753.0,1.21
1153,9.0,169952.0,1.208
1154,9.0,42570.0,1.208
1155,9.0,167979.0,1.208
1156,9.0,167973.0,1.208
1157,9.0,372327.0,1.206
1158,9.0,325330.0,1.206
1159,9.0,233571.0,1.206
1160,9.0,132477.0,1.205
1161,9.0,47833.0,1.204
1162,9.0,290608.0,1.203
1163,9.0,121387.0,1.203
1164,9.0,263758.0,1.203
1165,9.0,216766.0,1.202
1166,9.0,28456.0,1.202
1167,9.0,291227.0,1.2
1168,9.0,351681.0,1.2
1169,9.0,57447.0,1.199
1170,9.0,53217.0,1.199
1171,9.0,116540.0,1.198
1172,9.0,33969.0,1.198
1173,9.0,107665.0,1.198
1174,9.0,156747.0,1.198
1175,9.0,248655.0,1.197
1176,9.0,312032.0,1.196
1177,9.0,270526.0,1.195
1178,9.0,299831.0,1.194
1179,9.0,30033.0,1.192
1180,9.0,86452.0,1.192
1181,9.0,179361.0,1.192
1182,9.0,114657.0,1.192
1183,9.0,345869.0,1.19
1184,9.0,302272.0,1.19
1185,9.0,134499.0,1.19
1186,9.0,302275.0,1.19
1187,9.0,161010.0,1.19
1188,9.0,264226.0,1.19
1189,9.0,406381.0,1.19
1190,9.0,169817.0,1.188
1191,9.0,369607.0,1.188
1192,9.0,369608.0,1.188
1193,9.0,162083.0,1.188
1194,9.0,139978.0,1.188
1195,9.0,331392.0,1.187
1196,9.0,412673.0,1.184
1197,9.0,359790.0,1.184
1198,9.0,83737.0,1.183
1199,9.0,214063.0,1.182
1200,9.0,327885.0,1.181
1201,9.0,302412.0,1.18
1202,9.0,53159.0,1.18
1203,9.0,213211.0,1.179
1204,9.0,430215.0,1.179
1205,9.0,213711.0,1.178
1206,9.0,420176.0,1.178
1207,9.0,295037.0,1.178
1208,9.0,47053.0,1.178
1209,9.0,47055.0,1.178
1210,9.0,348684.0,1.178
1211,9.0,262931.0,1.177
1212,9.0,213702.0,1.177
1213,9.0,327172.0,1.176
1214,9.0,372338.0,1.175
1215,9.0,265573.0,1.175
1216,9.0,184485.0,1.175
1217,9.0,219481.0,1.174
1218,9.0,239222.0,1.174
1219,9.0,162794.0,1.173
1220,9.0,312487.0,1.173
1221,9.0,331412.0,1.17
1222,9.0,398382.0,1.168
1223,9.0,26696.0,1.168
1224,9.0,274585.0,1.168
1225,9.0,384247.0,1.167
1226,9.0,265583.0,1.167
1227,9.0,386773.0,1.167
1228,9.0,349565.0,1.165
1229,9.0,229795.0,1.165
1230,9.0,154372.0,1.165
1231,9.0,159712.0,1.165
1232,9.0,335260.0,1.163
1233,9.0,348678.0,1.163
1234,9.0,382393.0,1.163
1235,9.0,357085.0,1.162
1236,9.0,129999.0,1.162
1237,9.0,213807.0,1.162
1238,9.0,108401.0,1.162
1239,9.0,404061.0,1.16
1240,9.0,219132.0,1.16
1241,9.0,275393.0,1.16
1242,9.0,36837.0,1.16
1243,9.0,248606.0,1.16
1244,9.0,73923.0,1.159
1245,9.0,329006.0,1.158
1246,9.0,149263.0,1.157
1247,9.0,187429.0,1.157
1248,9.0,297362.0,1.157
1249,9.0,175881.0,1.157
1250,9.0,107633.0,1.155
1251,9.0,416510.0,1.154
1252,9.0,29989.0,1.153
1253,9.0,266988.0,1.152
1254,9.0,56174.0,1.152
1255,9.0,162196.0,1.152
1256,9.0,69872.0,1.152
1257,9.0,53200.0,1.151
1258,9.0,344939.0,1.151
1259,9.0,141447.0,1.15
1260,9.0,252402.0,1.15
1261,9.0,370832.0,1.15
1262,9.0,423926.0,1.15
1263,9.0,353097.0,1.15
1264,9.0,185022.0,1.149
1265,9.0,328999.0,1.149
1266,9.0,243100.0,1.149
1267,9.0,193818.0,1.148
1268,9.0,342764.0,1.147
1269,9.0,178928.0,1.147
1270,9.0,399004.0,1.146
1271,9.0,230479.0,1.146
1272,9.0,188327.0,1.146
1273,9.0,328651.0,1.145
1274,9.0,217351.0,1.145
1275,9.0,268471.0,1.144
1276,9.0,239194.0,1.144
1277,9.0,107178.0,1.143
1278,9.0,381425.0,1.143
1279,9.0,306796.0,1.143
1280,9.0,370844.0,1.142
1281,9.0,219171.0,1.141
1282,9.0,423147.0,1.14
1283,9.0,372832.0,1.14
1284,9.0,379181.0,1.138
1285,9.0,344715.0,1.138
1286,9.0,58071.0,1.138
1287,9.0,381486.0,1.137
1288,9.0,286102.0,1.137
1289,9.0,286113.0,1.137
1290,9.0,420746.0,1.136
1291,9.0,165420.0,1.136
1292,9.0,325357.0,1.136
1293,9.0,319826.0,1.135
1294,9.0,113167.0,1.135
1295,9.0,125164.0,1.135
1296,9.0,404628.0,1.134
1297,9.0,310078.0,1.134
1298,9.0,155364.0,1.134
1299,9.0,250342.0,1.132
1300,9.0,354970.0,1.131
1301,9.0,70002.0,1.131
1302,9.0,117933.0,1.131
1303,9.0,72601.0,1.13
1304,9.0,188318.0,1.129
1305,9.0,29975.0,1.129
1306,9.0,192257.0,1.128
1307,9.0,374218.0,1.128
1308,9.0,94070.0,1.128
1309,9.0,294901.0,1.126
1310,9.0,185012.0,1.126
1311,9.0,307659.0,1.126
1312,9.0,368736.0,1.124
1313,9.0,330281.0,1.123
1314,9.0,110102.0,1.123
1315,9.0,59214.0,1.123
1316,9.0,211376.0,1.123
1317,9.0,408132.0,1.122
1318,9.0,330271.0,1.122
1319,9.0,400185.0,1.121
1320,9.0,93479.0,1.12
1321,9.0,322583.0,1.119
1322,9.0,107715.0,1.119
1323,9.0,162792.0,1.119
1324,9.0,170574.0,1.118
1325,9.0,56092.0,1.117
1326,9.0,155309.0,1.117
1327,9.0,378611.0,1.117
1328,9.0,425914.0,1.116
1329,9.0,153199.0,1.116
1330,9.0,151106.0,1.116
1331,9.0,340734.0,1.115
1332,9.0,171958.0,1.114
1333,9.0,405459.0,1.114
1334,9.0,194117.0,1.114
1335,9.0,275381.0,1.114
1336,9.0,400214.0,1.114
1337,9.0,96521.0,1.112
1338,9.0,268461.0,1.112
1339,9.0,362430.0,1.112
1340,9.0,61353.0,1.112
1341,9.0,252382.0,1.111
1342,9.0,219619.0,1.111
1343,9.0,191328.0,1.109
1344,9.0,106384.0,1.109
1345,9.0,89954.0,1.109
1346,9.0,235003.0,1.109
1347,9.0,290412.0,1.109
1348,9.0,307942.0,1.109
1349,9.0,405815.0,1.108
1350,9.0,125504.0,1.108
1351,9.0,340597.0,1.107
1352,9.0,72440.0,1.107
1353,9.0,122374.0,1.107
1354,9.0,228676.0,1.106
1355,9.0,104092.0,1.106
1356,9.0,192701.0,1.106
1357,9.0,228677.0,1.106
1358,9.0,280577.0,1.105
1359,9.0,163479.0,1.104
1360,9.0,228732.0,1.103
1361,9.0,96080.0,1.102
1362,9.0,40690.0,1.101
1363,9.0,367973.0,1.101
1364,9.0,57695.0,1.1
1365,9.0,211714.0,1.1
1366,9.0,29936.0,1.1
1367,9.0,126622.0,1.098
1368,9.0,407812.0,1.097
1369,9.0,385220.0,1.097
1370,9.0,399548.0,1.096
1371,9.0,436304.0,1.095
1372,9.0,312398.0,1.095
1373,9.0,296612.0,1.095
1374,9.0,310030.0,1.094
1375,9.0,57220.0,1.092
1376,9.0,344829.0,1.092
1377,9.0,201684.0,1.091
1378,9.0,71396.0,1.091
1379,9.0,353450.0,1.091
1380,9.0,408119.0,1.09
1381,9.0,32721.0,1.09
1382,9.0,170431.0,1.09
1383,9.0,327159.0,1.089
1384,9.0,320826.0,1.089
1385,9.0,285762.0,1.089
1386,9.0,338054.0,1.089
1387,9.0,418779.0,1.088
1388,9.0,343886.0,1.088
1389,9.0,431189.0,1.087
1390,9.0,62075.0,1.087
1391,9.0,170585.0,1.087
1392,9.0,191334.0,1.086
1393,9.0,236709.0,1.086
1394,9.0,50380.0,1.086
1395,9.0,395079.0,1.086
1396,9.0,290410.0,1.086
1397,9.0,166651.0,1.086
1398,9.0,351651.0,1.082
1399,9.0,258094.0,1.082
1400,9.0,306774.0,1.081
1401,9.0,399544.0,1.08
1402,9.0,143207.0,1.079
1403,9.0,296599.0,1.079
1404,9.0,155576.0,1.079
1405,9.0,273402.0,1.079
1406,9.0,143897.0,1.079
1407,9.0,258556.0,1.078
1408,9.0,329657.0,1.077
1409,9.0,386820.0,1.077
1410,9.0,27482.0,1.077
1411,9.0,169979.0,1.077
1412,9.0,238560.0,1.076
1413,9.0,407149.0,1.076
1414,9.0,425017.0,1.076
1415,9.0,328650.0,1.076
1416,9.0,87049.0,1.074
1417,9.0,71857.0,1.071
1418,9.0,242083.0,1.071
1419,9.0,405160.0,1.069
1420,9.0,153815.0,1.069
1421,9.0,275370.0,1.068
1422,9.0,110120.0,1.068
1423,9.0,167964.0,1.068
1424,9.0,435876.0,1.068
1425,9.0,126204.0,1.067
1426,9.0,420994.0,1.067
1427,9.0,74929.0,1.066
1428,9.0,388852.0,1.064
1429,9.0,107123.0,1.063
1430,9.0,35337.0,1.062
1431,9.0,101344.0,1.062
1432,9.0,47690.0,1.062
1433,9.0,135912.0,1.062
1434,9.0,334432.0,1.061
1435,9.0,176476.0,1.061
1436,9.0,67878.0,1.059
1437,9.0,329354.0,1.059
1438,9.0,295357.0,1.059
1439,9.0,140811.0,1.058
1440,9.0,345048.0,1.058
1441,9.0,326526.0,1.058
1442,9.0,368862.0,1.058
1443,9.0,296632.0,1.056
1444,9.0,318763.0,1.056
1445,9.0,340139.0,1.056
1446,9.0,387435.0,1.055
1447,9.0,157673.0,1.055
1448,9.0,28676.0,1.055
1449,9.0,190364.0,1.054
1450,9.0,83006.0,1.053
1451,9.0,26671.0,1.053
1452,9.0,403063.0,1.052
1453,9.0,266997.0,1.052
1454,9.0,427962.0,1.051
1455,9.0,57065.0,1.051
1456,9.0,248253.0,1.051
1457,9.0,219367.0,1.051
1458,9.0,26632.0,1.051
1459,9.0,331993.0,1.05
1460,9.0,271426.0,1.049
1461,9.0,236242.0,1.049
1462,9.0,345854.0,1.049
1463,9.0,254449.0,1.048
1464,9.0,277238.0,1.048
1465,9.0,183109.0,1.048
1466,9.0,96297.0,1.048
1467,9.0,38797.0,1.046
1468,9.0,380875.0,1.045
1469,9.0,346072.0,1.045
1470,9.0,166529.0,1.044
1471,9.0,26680.0,1.044
1472,9.0,215193.0,1.044
1473,9.0,385527.0,1.043
1474,9.0,329449.0,1.043
1475,9.0,174226.0,1.042
1476,9.0,49495.0,1.042
1477,9.0,368849.0,1.042
1478,9.0,377868.0,1.039
1479,9.0,40226.0,1.039
1480,9.0,305241.0,1.038
1481,9.0,341159.0,1.038
1482,9.0,245648.0,1.037
1483,9.0,77231.0,1.037
1484,9.0,379725.0,1.037
1485,9.0,425614.0,1.037
1486,9.0,379397.0,1.036
1487,9.0,141480.0,1.036
1488,9.0,244824.0,1.036
1489,9.0,74987.0,1.036
1490,9.0,26576.0,1.035
1491,9.0,119182.0,1.035
1492,9.0,134642.0,1.034
1493,9.0,49496.0,1.034
1494,9.0,368866.0,1.034
1495,9.0,285735.0,1.034
1496,9.0,325427.0,1.034
1497,9.0,49484.0,1.034
1498,9.0,258570.0,1.032
1499,9.0,154834.0,1.032
1500,9.0,277242.0,1.032
1501,9.0,307637.0,1.031
1502,9.0,162100.0,1.03
1503,9.0,373837.0,1.029
1504,9.0,268327.0,1.029
1505,9.0,32141.0,1.029
1506,9.0,267443.0,1.029
1507,9.0,373377.0,1.027
1508,9.0,276342.0,1.027
1509,9.0,309153.0,1.027
1510,9.0,107141.0,1.026
1511,9.0,31849.0,1.025
1512,9.0,217235.0,1.025
1513,9.0,374671.0,1.025
1514,9.0,183123.0,1.025
1515,9.0,153665.0,1.025
1516,9.0,162175.0,1.024
1517,9.0,113206.0,1.024
1518,9.0,238575.0,1.023
1519,9.0,346189.0,1.023
1520,9.0,32144.0,1.021
1521,9.0,114804.0,1.021
1522,9.0,128424.0,1.021
1523,9.0,415180.0,1.02
1524,9.0,249587.0,1.02
1525,9.0,182415.0,1.019
1526,9.0,352613.0,1.018
1527,9.0,46213.0,1.017
1528,9.0,267987.0,1.017
1529,9.0,248044.0,1.017
1530,9.0,71293.0,1.017
1531,9.0,371659.0,1.017
1532,9.0,273414.0,1.015
1533,9.0,193846.0,1.015
1534,9.0,92227.0,1.014
1535,9.0,245374.0,1.014
1536,9.0,386602.0,1.012
1537,9.0,89400.0,1.011
1538,9.0,342642.0,1.011
1539,9.0,49801.0,1.01
1540,9.0,281807.0,1.01
1541,9.0,341839.0,1.01
1542,9.0,186536.0,1.01
1543,9.0,409848.0,1.01
1544,9.0,381160.0,1.007
1545,9.0,371467.0,1.006
1546,9.0,323718.0,1.006
1547,9.0,288089.0,1.005
1548,9.0,404041.0,1.005
1549,9.0,228657.0,1.005
1550,9.0,211445.0,1.005
1551,9.0,360060.0,1.005
1552,9.0,34931.0,1.004
1553,9.0,184924.0,1.004
1554,9.0,259566.0,1.003
1555,9.0,230003.0,1.002
1556,9.0,404499.0,1.002
1557,9.0,320997.0,1.001
1558,9.0,223380.0,1.001
1559,9.0,38699.0,1.0
1560,9.0,271444.0,0.997
1561,9.0,298010.0,0.997
1562,9.0,264156.0,0.996
1563,9.0,74962.0,0.996
1564,9.0,95354.0,0.996
1565,9.0,212531.0,0.995
1566,9.0,319106.0,0.995
1567,9.0,360281.0,0.995
1568,9.0,359427.0,0.995
1569,9.0,312502.0,0.994
1570,9.0,343913.0,0.994
1571,9.0,185003.0,0.994
1572,9.0,311485.0,0.993
1573,9.0,68706.0,0.993
1574,9.0,183126.0,0.993
1575,9.0,178093.0,0.993
1576,9.0,189981.0,0.992
1577,9.0,214941.0,0.991
1578,9.0,86387.0,0.99
1579,9.0,379366.0,0.99
1580,9.0,142022.0,0.99
1581,9.0,38771.0,0.99
1582,9.0,101719.0,0.99
1583,9.0,363743.0,0.989
1584,9.0,326499.0,0.989
1585,9.0,418728.0,0.988
1586,9.0,195023.0,0.988
1587,9.0,151372.0,0.988
1588,9.0,74955.0,0.988
1589,9.0,215152.0,0.988
1590,9.0,296666.0,0.987
1591,9.0,183089.0,0.986
1592,9.0,329479.0,0.986
1593,9.0,223486.0,0.986
1594,9.0,189562.0,0.986
1595,9.0,371368.0,0.982
1596,9.0,50065.0,0.981
1597,9.0,113880.0,0.981
1598,9.0,299500.0,0.981
1599,9.0,276368.0,0.981
1600,9.0,125140.0,0.98
1601,9.0,34948.0,0.98
1602,9.0,170551.0,0.98
1603,9.0,298053.0,0.98
1604,9.0,204841.0,0.98
1605,9.0,304012.0,0.98
1606,9.0,86515.0,0.98
1607,9.0,332404.0,0.979
1608,9.0,279789.0,0.979
1609,9.0,219817.0,0.979
1610,9.0,265721.0,0.978
1611,9.0,402338.0,0.978
1612,9.0,430977.0,0.977
1613,9.0,248524.0,0.976
1614,9.0,42499.0,0.975
1615,9.0,159086.0,0.975
1616,9.0,220967.0,0.974
1617,9.0,379406.0,0.974
1618,9.0,373988.0,0.974
1619,9.0,320800.0,0.973
1620,9.0,32173.0,0.973
1621,9.0,177652.0,0.972
1622,9.0,408099.0,0.972
1623,9.0,251342.0,0.972
1624,9.0,184980.0,0.972
1625,9.0,216399.0,0.972
1626,9.0,304067.0,0.972
1627,9.0,274147.0,0.971
1628,9.0,402375.0,0.97
1629,9.0,382011.0,0.969
1630,9.0,341111.0,0.968
1631,9.0,405120.0,0.967
1632,9.0,96222.0,0.967
1633,9.0,372071.0,0.967
1634,9.0,224216.0,0.966
1635,9.0,132900.0,0.965
1636,9.0,26410.0,0.965
1637,9.0,145539.0,0.965
1638,9.0,386964.0,0.964
1639,9.0,256839.0,0.964
1640,9.0,102229.0,0.963
1641,9.0,145960.0,0.963
1642,9.0,402337.0,0.962
1643,9.0,31854.0,0.962
1644,9.0,371255.0,0.961
1645,9.0,165487.0,0.961
1646,9.0,240861.0,0.961
1647,9.0,92652.0,0.96
1648,9.0,313634.0,0.96
1649,9.0,103570.0,0.96
1650,9.0,47268.0,0.96
1651,9.0,100850.0,0.96
1652,9.0,245488.0,0.959
1653,9.0,409705.0,0.959
1654,9.0,418733.0,0.957
1655,9.0,202408.0,0.957
1656,9.0,228655.0,0.957
1657,9.0,400397.0,0.957
1658,9.0,61293.0,0.956
1659,9.0,242913.0,0.956
1660,9.0,250766.0,0.955
1661,9.0,70895.0,0.953
1662,9.0,50194.0,0.953
1663,9.0,381144.0,0.953
1664,9.0,163927.0,0.951
1665,9.0,136939.0,0.95
1666,9.0,372428.0,0.95
1667,9.0,49795.0,0.949
1668,9.0,336607.0,0.949
1669,9.0,308406.0,0.949
1670,9.0,164051.0,0.948
1671,9.0,307630.0,0.947
1672,9.0,100946.0,0.946
1673,9.0,314901.0,0.945
1674,9.0,109100.0,0.945
1675,9.0,132573.0,0.945
1676,9.0,373919.0,0.945
1677,9.0,347638.0,0.944
1678,9.0,29122.0,0.944
1679,9.0,200706.0,0.944
1680,9.0,51984.0,0.943
1681,9.0,248539.0,0.943
1682,9.0,51986.0,0.943
1683,9.0,346217.0,0.943
1684,9.0,364104.0,0.942
1685,9.0,80973.0,0.942
1686,9.0,153102.0,0.942
1687,9.0,145571.0,0.941
1688,9.0,259587.0,0.941
1689,9.0,149292.0,0.94
1690,9.0,385229.0,0.94
1691,9.0,409408.0,0.94
1692,9.0,409767.0,0.939
1693,9.0,171007.0,0.939
1694,9.0,96276.0,0.938
1695,9.0,28298.0,0.938
1696,9.0,291435.0,0.937
1697,9.0,38733.0,0.937
1698,9.0,357960.0,0.937
1699,9.0,75453.0,0.936
1700,9.0,75452.0,0.936
1701,9.0,103244.0,0.935
1702,9.0,211087.0,0.934
1703,9.0,233237.0,0.934
1704,9.0,49698.0,0.934
1705,9.0,202418.0,0.934
1706,9.0,159018.0,0.933
1707,9.0,288035.0,0.933
1708,9.0,308382.0,0.933
1709,9.0,199051.0,0.933
1710,9.0,286605.0,0.931
1711,9.0,268909.0,0.931
1712,9.0,153227.0,0.931
1713,9.0,196117.0,0.93
1714,9.0,177109.0,0.929
1715,9.0,60294.0,0.928
1716,9.0,86258.0,0.927
1717,9.0,346044.0,0.927
1718,9.0,224345.0,0.926
1719,9.0,342626.0,0.925
1720,9.0,128727.0,0.924
1721,9.0,259829.0,0.923
1722,9.0,298363.0,0.923
1723,9.0,401798.0,0.921
1724,9.0,340462.0,0.921
1725,9.0,423124.0,0.921
1726,9.0,277125.0,0.921
1727,9.0,314913.0,0.921
1728,9.0,326491.0,0.92
1729,9.0,334408.0,0.92
1730,9.0,61558.0,0.92
1731,9.0,259099.0,0.919
1732,9.0,230740.0,0.918
1733,9.0,414203.0,0.918
1734,9.0,379314.0,0.918
1735,9.0,153113.0,0.918
1736,9.0,196238.0,0.917
1737,9.0,281506.0,0.917
1738,9.0,285729.0,0.916
1739,9.0,149194.0,0.916
1740,9.0,185433.0,0.915
1741,9.0,28763.0,0.913
1742,9.0,126439.0,0.913
1743,9.0,278496.0,0.913
1744,9.0,70935.0,0.913
1745,9.0,71416.0,0.912
1746,9.0,108047.0,0.912
1747,9.0,283316.0,0.911
1748,9.0,86243.0,0.911
1749,9.0,250912.0,0.911
1750,9.0,424118.0,0.911
1751,9.0,270914.0,0.911
1752,9.0,38446.0,0.911
1753,9.0,291546.0,0.911
1754,9.0,125580.0,0.911
1755,9.0,86277.0,0.911
1756,9.0,328949.0,0.91
1757,9.0,419055.0,0.91
1758,9.0,239131.0,0.91
1759,9.0,113727.0,0.91
1760,9.0,150399.0,0.909
1761,9.0,408084.0,0.909
1762,9.0,387639.0,0.908
1763,9.0,162340.0,0.908
1764,9.0,401797.0,0.906
1765,9.0,315330.0,0.905
1766,9.0,105132.0,0.905
1767,9.0,32111.0,0.905
1768,9.0,39769.0,0.903
1769,9.0,134590.0,0.903
1770,9.0,405824.0,0.903
1771,9.0,256830.0,0.903
1772,9.0,215210.0,0.903
1773,9.0,251618.0,0.902
1774,9.0,189549.0,0.902
1775,9.0,406300.0,0.902
1776,9.0,39806.0,0.902
1777,9.0,102975.0,0.902
1778,9.0,69861.0,0.901
1779,9.0,264514.0,0.901
1780,9.0,415489.0,0.899
1781,9.0,254677.0,0.898
1782,9.0,357953.0,0.898
1783,9.0,315553.0,0.897
1784,9.0,50058.0,0.896
1785,9.0,103269.0,0.896
1786,9.0,397647.0,0.895
1787,9.0,236279.0,0.895
1788,9.0,256831.0,0.895
1789,9.0,152524.0,0.894
1790,9.0,138783.0,0.894
1791,9.0,313538.0,0.893
1792,9.0,96977.0,0.892
1793,9.0,254224.0,0.892
1794,9.0,49454.0,0.891
1795,9.0,143229.0,0.891
1796,9.0,120825.0,0.891
1797,9.0,320146.0,0.891
1798,9.0,368746.0,0.89
1799,9.0,313612.0,0.89
1800,9.0,62709.0,0.889
1801,9.0,263609.0,0.889
1802,9.0,227316.0,0.888
1803,9.0,347197.0,0.888
1804,9.0,120134.0,0.887
1805,9.0,204974.0,0.887
1806,9.0,166521.0,0.887
1807,9.0,265614.0,0.886
1808,9.0,100067.0,0.886
1809,9.0,321039.0,0.886
1810,9.0,193325.0,0.885
1811,9.0,361774.0,0.885
1812,9.0,70998.0,0.882
1813,9.0,215216.0,0.881
1814,9.0,292904.0,0.881
1815,9.0,407991.0,0.88
1816,9.0,307063.0,0.88
1817,9.0,202319.0,0.88
1818,9.0,247934.0,0.88
1819,9.0,408653.0,0.879
1820,9.0,243319.0,0.879
1821,9.0,49597.0,0.878
1822,9.0,385482.0,0.878
1823,9.0,185391.0,0.876
1824,9.0,338057.0,0.876
1825,9.0,240711.0,0.876
1826,9.0,211757.0,0.876
1827,9.0,369672.0,0.875
1828,9.0,38723.0,0.875
1829,9.0,320847.0,0.874
1830,9.0,248268.0,0.874
1831,9.0,194286.0,0.874
1832,9.0,417263.0,0.874
1833,9.0,104450.0,0.872
1834,9.0,64077.0,0.872
1835,9.0,379334.0,0.872
1836,9.0,259608.0,0.871
1837,9.0,195116.0,0.87
1838,9.0,200630.0,0.87
1839,9.0,127846.0,0.869
1840,9.0,204398.0,0.869
1841,9.0,418222.0,0.868
1842,9.0,48041.0,0.868
1843,9.0,201500.0,0.868
1844,9.0,401499.0,0.867
1845,9.0,313602.0,0.867
1846,9.0,177105.0,0.866
1847,9.0,133310.0,0.866
1848,9.0,416858.0,0.865
1849,9.0,138543.0,0.865
1850,9.0,84877.0,0.865
1851,9.0,113897.0,0.864
1852,9.0,118756.0,0.864
1853,9.0,401245.0,0.864
1854,9.0,384881.0,0.864
1855,9.0,134617.0,0.863
1856,9.0,218702.0,0.863
1857,9.0,349272.0,0.863
1858,9.0,349294.0,0.862
1859,9.0,131494.0,0.862
1860,9.0,133012.0,0.862
1861,9.0,351064.0,0.862
1862,9.0,109152.0,0.861
1863,9.0,384108.0,0.86
1864,9.0,430926.0,0.859
1865,9.0,413512.0,0.858
1866,9.0,362253.0,0.858
1867,9.0,339577.0,0.858
1868,9.0,328323.0,0.857
1869,9.0,49772.0,0.857
1870,9.0,416656.0,0.857
1871,9.0,317016.0,0.856
1872,9.0,257855.0,0.856
1873,9.0,166749.0,0.856
1874,9.0,215842.0,0.855
1875,9.0,140403.0,0.855
1876,9.0,237456.0,0.855
1877,9.0,359487.0,0.855
1878,9.0,116656.0,0.854
1879,9.0,321387.0,0.854
1880,9.0,35547.0,0.853
1881,9.0,271804.0,0.853
1882,9.0,310247.0,0.853
1883,9.0,426481.0,0.852
1884,9.0,87163.0,0.85
1885,9.0,253410.0,0.849
1886,9.0,384825.0,0.849
1887,9.0,317013.0,0.849
1888,9.0,187101.0,0.848
1889,9.0,317018.0,0.848
1890,9.0,379302.0,0.848
1891,9.0,349293.0,0.847
1892,9.0,143412.0,0.847
1893,9.0,124833.0,0.847
1894,9.0,198618.0,0.847
1895,9.0,123346.0,0.846
1896,9.0,332605.0,0.845
1897,9.0,71274.0,0.845
1898,9.0,386848.0,0.845
1899,9.0,396335.0,0.845
1900,9.0,399466.0,0.843
1901,9.0,358780.0,0.841
1902,9.0,302197.0,0.84
1903,9.0,358796.0,0.84
1904,9.0,328783.0,0.84
1905,9.0,266095.0,0.84
1906,9.0,355453.0,0.839
1907,9.0,348084.0,0.839
1908,9.0,58078.0,0.839
1909,9.0,34731.0,0.838
1910,9.0,271938.0,0.837
1911,9.0,356624.0,0.837
1912,9.0,280965.0,0.836
1913,9.0,109666.0,0.835
1914,9.0,71425.0,0.835
1915,9.0,304533.0,0.835
1916,9.0,77071.0,0.834
1917,9.0,310959.0,0.833
1918,9.0,281569.0,0.833
1919,9.0,211101.0,0.833
1920,9.0,235944.0,0.833
1921,9.0,61977.0,0.832
1922,9.0,139092.0,0.832
1923,9.0,225457.0,0.831
1924,9.0,51062.0,0.831
1925,9.0,305283.0,0.827
1926,9.0,173427.0,0.827
1927,9.0,264801.0,0.825
1928,9.0,262244.0,0.825
1929,9.0,350896.0,0.825
1930,9.0,314281.0,0.823
1931,9.0,183162.0,0.822
1932,9.0,179387.0,0.822
1933,9.0,196133.0,0.822
1934,9.0,107736.0,0.822
1935,9.0,372244.0,0.822
1936,9.0,197961.0,0.822
1937,9.0,332765.0,0.82
1938,9.0,110778.0,0.82
1939,9.0,299482.0,0.819
1940,9.0,91063.0,0.819
1941,9.0,179813.0,0.819
1942,9.0,103089.0,0.819
1943,9.0,234953.0,0.819
1944,9.0,132206.0,0.819
1945,9.0,276385.0,0.817
1946,9.0,355344.0,0.816
1947,9.0,223085.0,0.816
1948,9.0,308455.0,0.815
1949,9.0,361764.0,0.814
1950,9.0,351036.0,0.814
1951,9.0,185380.0,0.814
1952,9.0,152381.0,0.814
1953,9.0,57810.0,0.813
1954,9.0,327733.0,0.812
1955,9.0,128625.0,0.812
1956,9.0,397421.0,0.812
1957,9.0,82292.0,0.811
1958,9.0,247594.0,0.811
1959,9.0,406436.0,0.81
1960,9.0,180574.0,0.81
1961,9.0,53803.0,0.81
1962,9.0,151603.0,0.809
1963,9.0,264808.0,0.809
1964,9.0,299550.0,0.808
1965,9.0,63064.0,0.808
1966,9.0,262845.0,0.808
1967,9.0,153523.0,0.808
1968,9.0,271816.0,0.806
1969,9.0,35183.0,0.806
1970,9.0,110754.0,0.805
1971,9.0,203239.0,0.805
1972,9.0,328602.0,0.804
1973,9.0,109681.0,0.804
1974,9.0,132196.0,0.804
1975,9.0,32041.0,0.803
1976,9.0,158954.0,0.803
1977,9.0,202291.0,0.802
1978,9.0,86305.0,0.802
1979,9.0,337828.0,0.802
1980,9.0,41593.0,0.801
1981,9.0,151605.0,0.801
1982,9.0,337099.0,0.801
1983,9.0,145783.0,0.801
1984,9.0,92039.0,0.801
1985,9.0,354035.0,0.8
1986,9.0,348102.0,0.8
1987,9.0,237502.0,0.8
1988,9.0,134428.0,0.8
1989,9.0,283191.0,0.8
1990,9.0,409775.0,0.8
1991,9.0,365096.0,0.8
1992,9.0,401480.0,0.797
1993,9.0,193212.0,0.796
1994,9.0,413498.0,0.796
1995,9.0,59233.0,0.796
1996,9.0,370723.0,0.795
1997,9.0,292946.0,0.795
1998,9.0,144537.0,0.794
1999,9.0,162614.0,0.793
2000,9.0,358721.0,0.793
2001,9.0,331492.0,0.793
2002,9.0,40947.0,0.792
2003,9.0,292526.0,0.792
2004,9.0,222925.0,0.792
2005,9.0,312119.0,0.79
2006,9.0,110747.0,0.789
2007,9.0,332306.0,0.789
2008,9.0,338233.0,0.788
2009,9.0,425669.0,0.787
2010,9.0,166512.0,0.787
2011,9.0,239007.0,0.787
2012,9.0,333225.0,0.787
2013,9.0,50120.0,0.786
2014,9.0,239110.0,0.786
2015,9.0,358716.0,0.786
2016,9.0,191411.0,0.786
2017,9.0,172306.0,0.785
2018,9.0,351987.0,0.785
2019,9.0,377348.0,0.785
2020,9.0,127853.0,0.784
2021,9.0,143714.0,0.783
2022,9.0,42369.0,0.783
2023,9.0,197936.0,0.782
2024,9.0,410158.0,0.78
2025,9.0,141175.0,0.779
2026,9.0,115226.0,0.779
2027,9.0,373540.0,0.779
2028,9.0,61937.0,0.778
2029,9.0,352034.0,0.778
2030,9.0,384860.0,0.778
2031,9.0,245528.0,0.778
2032,9.0,283648.0,0.777
2033,9.0,276501.0,0.777
2034,9.0,385473.0,0.777
2035,9.0,289254.0,0.777
2036,9.0,121954.0,0.777
2037,9.0,145778.0,0.777
2038,9.0,401824.0,0.776
2039,9.0,309287.0,0.776
2040,9.0,80647.0,0.775
2041,9.0,77823.0,0.775
2042,9.0,426407.0,0.775
2043,9.0,79463.0,0.774
2044,9.0,92158.0,0.774
2045,9.0,339619.0,0.774
2046,9.0,358031.0,0.774
2047,9.0,162140.0,0.773
2048,9.0,295254.0,0.773
2049,9.0,292944.0,0.772
2050,9.0,110685.0,0.772
2051,9.0,307010.0,0.771
2052,9.0,104543.0,0.771
2053,9.0,288012.0,0.771
2054,9.0,285041.0,0.77
2055,9.0,416456.0,0.77
2056,9.0,145768.0,0.769
2057,9.0,81972.0,0.769
2058,9.0,285073.0,0.769
2059,9.0,375573.0,0.769
2060,9.0,387670.0,0.768
2061,9.0,259391.0,0.768
2062,9.0,121098.0,0.768
2063,9.0,400388.0,0.768
2064,9.0,336948.0,0.768
2065,9.0,199005.0,0.767
2066,9.0,106314.0,0.767
2067,9.0,70329.0,0.766
2068,9.0,319409.0,0.766
2069,9.0,185356.0,0.766
2070,9.0,172536.0,0.766
2071,9.0,62624.0,0.765
2072,9.0,178067.0,0.764
2073,9.0,406417.0,0.764
2074,9.0,81015.0,0.764
2075,9.0,333266.0,0.763
2076,9.0,435586.0,0.762
2077,9.0,89332.0,0.762
2078,9.0,141309.0,0.762
2079,9.0,271789.0,0.762
2080,9.0,86191.0,0.762
2081,9.0,385345.0,0.762
2082,9.0,121943.0,0.761
2083,9.0,170093.0,0.761
2084,9.0,109175.0,0.761
2085,9.0,385811.0,0.761
2086,9.0,297106.0,0.761
2087,9.0,61997.0,0.761
2088,9.0,371842.0,0.76
2089,9.0,426433.0,0.759
2090,9.0,308209.0,0.757
2091,9.0,292942.0,0.757
2092,9.0,261387.0,0.757
2093,9.0,436181.0,0.757
2094,9.0,200679.0,0.757
2095,9.0,261433.0,0.755
2096,9.0,333212.0,0.755
2097,9.0,386259.0,0.755
2098,9.0,125343.0,0.754
2099,9.0,271788.0,0.754
2100,9.0,282138.0,0.754
2101,9.0,300892.0,0.754
2102,9.0,244804.0,0.753
2103,9.0,425324.0,0.753
2104,9.0,373550.0,0.753
2105,9.0,377580.0,0.752
2106,9.0,303869.0,0.752
2107,9.0,306070.0,0.751
2108,9.0,79443.0,0.751
2109,9.0,81640.0,0.751
2110,9.0,79492.0,0.751
2111,9.0,61699.0,0.75
2112,9.0,330152.0,0.75
2113,9.0,61737.0,0.75
2114,9.0,86083.0,0.749
2115,9.0,34995.0,0.749
2116,9.0,220989.0,0.749
2117,9.0,220400.0,0.749
2118,9.0,93521.0,0.748
2119,9.0,431431.0,0.748
2120,9.0,41207.0,0.748
2121,9.0,263172.0,0.747
2122,9.0,233284.0,0.747
2123,9.0,306983.0,0.747
2124,9.0,374149.0,0.747
2125,9.0,233285.0,0.747
2126,9.0,326766.0,0.747
2127,9.0,285010.0,0.747
2128,9.0,77258.0,0.747
2129,9.0,189960.0,0.746
2130,9.0,422923.0,0.746
2131,9.0,281027.0,0.746
2132,9.0,181065.0,0.746
2133,9.0,121052.0,0.746
2134,9.0,406011.0,0.746
2135,9.0,79451.0,0.743
2136,9.0,62618.0,0.742
2137,9.0,157060.0,0.741
2138,9.0,250871.0,0.74
2139,9.0,303195.0,0.74
2140,9.0,217191.0,0.74
2141,9.0,399346.0,0.74
2142,9.0,227182.0,0.739
2143,9.0,89120.0,0.739
2144,9.0,204459.0,0.738
2145,9.0,281033.0,0.738
2146,9.0,410506.0,0.738
2147,9.0,254196.0,0.737
2148,9.0,72895.0,0.736
2149,9.0,61503.0,0.735
2150,9.0,58136.0,0.735
2151,9.0,212807.0,0.734
2152,9.0,31454.0,0.734
2153,9.0,40763.0,0.734
2154,9.0,369008.0,0.733
2155,9.0,332711.0,0.733
2156,9.0,217193.0,0.732
2157,9.0,283925.0,0.731
2158,9.0,312520.0,0.731
2159,9.0,134413.0,0.731
2160,9.0,61650.0,0.731
2161,9.0,215360.0,0.731
2162,9.0,338601.0,0.731
2163,9.0,42763.0,0.73
2164,9.0,123444.0,0.73
2165,9.0,72861.0,0.73
2166,9.0,111381.0,0.73
2167,9.0,198989.0,0.729
2168,9.0,160892.0,0.728
2169,9.0,326101.0,0.728
2170,9.0,293896.0,0.728
2171,9.0,58151.0,0.727
2172,9.0,328583.0,0.727
2173,9.0,61502.0,0.727
2174,9.0,243759.0,0.726
2175,9.0,66794.0,0.726
2176,9.0,315115.0,0.725
2177,9.0,37896.0,0.723
2178,9.0,84892.0,0.723
2179,9.0,259622.0,0.723
2180,9.0,105027.0,0.723
2181,9.0,355477.0,0.723
2182,9.0,263169.0,0.723
2183,9.0,105021.0,0.723
2184,9.0,276539.0,0.722
2185,9.0,271940.0,0.722
2186,9.0,244805.0,0.722
2187,9.0,72865.0,0.722
2188,9.0,331142.0,0.722
2189,9.0,56694.0,0.722
2190,9.0,164136.0,0.722
2191,9.0,374302.0,0.721
2192,9.0,337721.0,0.72
2193,9.0,351432.0,0.72
2194,9.0,155442.0,0.72
2195,9.0,111585.0,0.719
2196,9.0,240747.0,0.718
2197,9.0,235954.0,0.718
2198,9.0,135441.0,0.718
2199,9.0,120309.0,0.717
2200,9.0,332087.0,0.717
2201,9.0,254163.0,0.716
2202,9.0,271530.0,0.716
2203,9.0,123401.0,0.716
2204,9.0,271534.0,0.716
2205,9.0,65390.0,0.715
2206,9.0,326620.0,0.715
2207,9.0,385392.0,0.715
2208,9.0,362011.0,0.714
2209,9.0,111422.0,0.714
2210,9.0,328902.0,0.714
2211,9.0,331282.0,0.714
2212,9.0,42757.0,0.714
2213,9.0,260956.0,0.713
2214,9.0,99250.0,0.713
2215,9.0,362165.0,0.713
2216,9.0,352149.0,0.712
2217,9.0,254700.0,0.712
2218,9.0,243536.0,0.71
2219,9.0,230294.0,0.71
2220,9.0,133110.0,0.71
2221,9.0,28007.0,0.71
2222,9.0,189738.0,0.709
2223,9.0,26462.0,0.708
2224,9.0,201456.0,0.708
2225,9.0,223213.0,0.707
2226,9.0,307545.0,0.707
2227,9.0,370089.0,0.707
2228,9.0,305848.0,0.706
2229,9.0,139108.0,0.706
2230,9.0,119469.0,0.705
2231,9.0,191169.0,0.704
2232,9.0,67052.0,0.703
2233,9.0,357388.0,0.703
2234,9.0,393845.0,0.702
2235,9.0,112698.0,0.701
2236,9.0,99825.0,0.701
2237,9.0,265677.0,0.7
2238,9.0,215366.0,0.7
2239,9.0,359507.0,0.7
2240,9.0,81987.0,0.7
2241,9.0,111398.0,0.7
2242,9.0,353989.0,0.7
2243,9.0,305516.0,0.7
2244,9.0,353998.0,0.7
2245,9.0,65385.0,0.7
2246,9.0,201906.0,0.7
2247,9.0,109284.0,0.7
2248,9.0,180818.0,0.699
2249,9.0,64966.0,0.698
2250,9.0,291767.0,0.697
2251,9.0,120899.0,0.696
2252,9.0,198300.0,0.695
2253,9.0,220997.0,0.695
2254,9.0,175806.0,0.694
2255,9.0,144799.0,0.693
2256,9.0,420791.0,0.693
2257,9.0,348551.0,0.693
2258,9.0,233277.0,0.693
2259,9.0,110800.0,0.693
2260,9.0,397000.0,0.693
2261,9.0,352776.0,0.693
2262,9.0,301079.0,0.693
2263,9.0,92077.0,0.692
2264,9.0,179475.0,0.692
2265,9.0,359505.0,0.692
2266,9.0,370085.0,0.691
2267,9.0,331099.0,0.691
2268,9.0,106803.0,0.69
2269,9.0,376713.0,0.69
2270,9.0,32021.0,0.69
2271,9.0,202107.0,0.689
2272,9.0,293928.0,0.689
2273,9.0,253654.0,0.688
2274,9.0,386539.0,0.687
2275,9.0,223582.0,0.687
2276,9.0,28044.0,0.686
2277,9.0,431565.0,0.686
2278,9.0,316663.0,0.686
2279,9.0,143429.0,0.686
2280,9.0,39963.0,0.685
2281,9.0,233267.0,0.685
2282,9.0,144620.0,0.685
2283,9.0,170854.0,0.685
2284,9.0,108868.0,0.685
2285,9.0,91262.0,0.684
2286,9.0,319903.0,0.684
2287,9.0,353983.0,0.684
2288,9.0,385363.0,0.684
2289,9.0,271613.0,0.684
2290,9.0,420368.0,0.683
2291,9.0,313882.0,0.682
2292,9.0,351275.0,0.682
2293,9.0,121278.0,0.682
2294,9.0,131553.0,0.681
2295,9.0,397398.0,0.681
2296,9.0,80615.0,0.681
2297,9.0,176214.0,0.68
2298,9.0,187917.0,0.68
2299,9.0,227086.0,0.679
2300,9.0,238667.0,0.679
2301,9.0,105116.0,0.678
2302,9.0,436169.0,0.678
2303,9.0,99819.0,0.678
2304,9.0,289071.0,0.678
2305,9.0,372198.0,0.677
2306,9.0,93537.0,0.677
2307,9.0,407764.0,0.677
2308,9.0,117243.0,0.676
2309,9.0,196319.0,0.676
2310,9.0,134776.0,0.676
2311,9.0,117232.0,0.675
2312,9.0,259043.0,0.675
2313,9.0,164156.0,0.675
2314,9.0,274100.0,0.675
2315,9.0,370075.0,0.675
2316,9.0,430057.0,0.675
2317,9.0,259401.0,0.675
2318,9.0,61266.0,0.674
2319,9.0,242835.0,0.674
2320,9.0,104592.0,0.674
2321,9.0,87714.0,0.674
2322,9.0,280896.0,0.673
2323,9.0,426532.0,0.672
2324,9.0,416833.0,0.672
2325,9.0,109615.0,0.671
2326,9.0,107911.0,0.671
2327,9.0,227093.0,0.671
2328,9.0,299196.0,0.67
2329,9.0,351122.0,0.67
2330,9.0,84900.0,0.67
2331,9.0,383486.0,0.67
2332,9.0,59617.0,0.669
2333,9.0,145030.0,0.669
2334,9.0,248298.0,0.669
2335,9.0,189344.0,0.669
2336,9.0,56699.0,0.668
2337,9.0,86539.0,0.668
2338,9.0,84156.0,0.668
2339,9.0,115271.0,0.668
2340,9.0,376714.0,0.667
2341,9.0,385466.0,0.667
2342,9.0,117231.0,0.667
2343,9.0,291153.0,0.666
2344,9.0,148426.0,0.666
2345,9.0,185262.0,0.666
2346,9.0,416973.0,0.666
2347,9.0,291781.0,0.666
2348,9.0,36500.0,0.666
2349,9.0,380520.0,0.665
2350,9.0,99368.0,0.664
2351,9.0,316136.0,0.664
2352,9.0,190132.0,0.664
2353,9.0,82372.0,0.664
2354,9.0,227059.0,0.663
2355,9.0,215260.0,0.663
2356,9.0,193277.0,0.663
2357,9.0,215306.0,0.663
2358,9.0,237544.0,0.662
2359,9.0,315831.0,0.662
2360,9.0,395782.0,0.662
2361,9.0,271619.0,0.661
2362,9.0,314769.0,0.661
2363,9.0,230863.0,0.661
2364,9.0,123308.0,0.661
2365,9.0,257666.0,0.661
2366,9.0,248302.0,0.661
2367,9.0,39309.0,0.66
2368,9.0,284459.0,0.66
2369,9.0,27820.0,0.66
2370,9.0,41491.0,0.66
2371,9.0,31633.0,0.659
2372,9.0,135568.0,0.659
2373,9.0,261673.0,0.659
2374,9.0,139787.0,0.658
2375,9.0,168137.0,0.658
2376,9.0,291784.0,0.658
2377,9.0,179414.0,0.658
2378,9.0,86129.0,0.657
2379,9.0,215252.0,0.656
2380,9.0,103944.0,0.656
2381,9.0,110660.0,0.655
2382,9.0,77532.0,0.653
2383,9.0,177910.0,0.653
2384,9.0,403442.0,0.653
2385,9.0,283238.0,0.652
2386,9.0,326008.0,0.652
2387,9.0,254046.0,0.652
2388,9.0,104554.0,0.652
2389,9.0,185239.0,0.651
2390,9.0,291122.0,0.65
2391,9.0,139769.0,0.65
2392,9.0,359971.0,0.65
2393,9.0,47318.0,0.65
2394,9.0,277478.0,0.65
2395,9.0,380543.0,0.649
2396,9.0,191109.0,0.649
2397,9.0,111577.0,0.648
2398,9.0,218649.0,0.648
2399,9.0,384715.0,0.647
2400,9.0,375089.0,0.647
2401,9.0,311063.0,0.647
2402,9.0,376810.0,0.647
2403,9.0,360362.0,0.645
2404,9.0,122773.0,0.645
2405,9.0,177916.0,0.645
2406,9.0,312333.0,0.645
2407,9.0,284439.0,0.644
2408,9.0,162624.0,0.644
2409,9.0,260429.0,0.643
2410,9.0,185229.0,0.643
2411,9.0,185228.0,0.643
2412,9.0,279841.0,0.643
2413,9.0,335920.0,0.642
2414,9.0,47307.0,0.642
2415,9.0,80604.0,0.642
2416,9.0,49740.0,0.642
2417,9.0,80603.0,0.642
2418,9.0,148032.0,0.64
2419,9.0,51335.0,0.64
2420,9.0,38005.0,0.64
2421,9.0,158861.0,0.64
2422,9.0,244553.0,0.64
2423,9.0,95249.0,0.639
2424,9.0,108829.0,0.639
2425,9.0,337146.0,0.639
2426,9.0,249945.0,0.639
2427,9.0,182221.0,0.639
2428,9.0,383085.0,0.638
2429,9.0,300933.0,0.638
2430,9.0,277942.0,0.638
2431,9.0,302685.0,0.638
2432,9.0,216666.0,0.637
2433,9.0,93581.0,0.637
2434,9.0,122542.0,0.637
2435,9.0,122545.0,0.637
2436,9.0,37927.0,0.637
2437,9.0,228592.0,0.637
2438,9.0,312089.0,0.637
2439,9.0,152470.0,0.635
2440,9.0,331838.0,0.635
2441,9.0,348784.0,0.634
2442,9.0,277498.0,0.634
2443,9.0,116807.0,0.634
2444,9.0,120368.0,0.632
2445,9.0,417374.0,0.632
2446,9.0,215299.0,0.632
2447,9.0,180075.0,0.632
2448,9.0,341280.0,0.631
2449,9.0,283401.0,0.631
2450,9.0,201964.0,0.631
2451,9.0,151576.0,0.63
2452,9.0,400935.0,0.63
2453,9.0,289515.0,0.63
2454,9.0,133841.0,0.629
2455,9.0,84075.0,0.629
2456,9.0,223099.0,0.629
2457,9.0,277444.0,0.629
2458,9.0,104696.0,0.628
2459,9.0,389590.0,0.627
2460,9.0,73083.0,0.624
2461,9.0,338590.0,0.624
2462,9.0,133397.0,0.623
2463,9.0,338951.0,0.623
2464,9.0,424419.0,0.623
2465,9.0,63232.0,0.623
2466,9.0,341262.0,0.623
2467,9.0,122035.0,0.623
2468,9.0,110525.0,0.622
2469,9.0,122779.0,0.622
2470,9.0,65374.0,0.622
2471,9.0,164662.0,0.621
2472,9.0,222620.0,0.621
2473,9.0,39222.0,0.621
2474,9.0,99227.0,0.62
2475,9.0,242815.0,0.62
2476,9.0,415793.0,0.62
2477,9.0,133727.0,0.62
2478,9.0,242817.0,0.62
2479,9.0,92146.0,0.62
2480,9.0,61068.0,0.62
2481,9.0,92512.0,0.619
2482,9.0,329192.0,0.619
2483,9.0,428517.0,0.618
2484,9.0,332438.0,0.617
2485,9.0,61777.0,0.617
2486,9.0,416826.0,0.617
2487,9.0,104133.0,0.617
2488,9.0,332437.0,0.617
2489,9.0,234383.0,0.616
2490,9.0,301059.0,0.616
2491,9.0,381815.0,0.616
2492,9.0,75341.0,0.615
2493,9.0,327959.0,0.615
2494,9.0,172792.0,0.615
2495,9.0,367477.0,0.615
2496,9.0,412907.0,0.615
2497,9.0,27923.0,0.615
2498,9.0,31660.0,0.614
2499,9.0,229435.0,0.613
2500,9.0,180513.0,0.613
2501,9.0,229439.0,0.613
2502,9.0,339131.0,0.612
2503,9.0,133728.0,0.612
2504,9.0,184806.0,0.611
2505,9.0,80600.0,0.61
2506,9.0,180069.0,0.609
2507,9.0,57637.0,0.609
2508,9.0,370041.0,0.609
2509,9.0,270936.0,0.609
2510,9.0,359949.0,0.609
2511,9.0,122860.0,0.607
2512,9.0,37950.0,0.607
2513,9.0,409358.0,0.607
2514,9.0,26512.0,0.607
2515,9.0,384424.0,0.606
2516,9.0,226763.0,0.606
2517,9.0,130477.0,0.606
2518,9.0,39315.0,0.605
2519,9.0,358036.0,0.605
2520,9.0,254077.0,0.605
2521,9.0,314110.0,0.605
2522,9.0,146240.0,0.605
2523,9.0,360392.0,0.605
2524,9.0,223159.0,0.605
2525,9.0,123480.0,0.604
2526,9.0,148365.0,0.603
2527,9.0,367053.0,0.602
2528,9.0,217435.0,0.601
2529,9.0,87185.0,0.601
2530,9.0,41766.0,0.601
2531,9.0,36167.0,0.601
2532,9.0,81652.0,0.601
2533,9.0,299273.0,0.601
2534,9.0,61105.0,0.6
2535,9.0,294821.0,0.6
2536,9.0,146545.0,0.6
2537,9.0,117732.0,0.6
2538,9.0,328200.0,0.6
2539,9.0,147362.0,0.6
2540,9.0,355493.0,0.599
2541,9.0,230048.0,0.599
2542,9.0,334868.0,0.599
2543,9.0,223093.0,0.599
2544,9.0,93580.0,0.599
2545,9.0,86575.0,0.598
2546,9.0,277987.0,0.598
2547,9.0,222183.0,0.598
2548,9.0,122564.0,0.597
2549,9.0,348845.0,0.597
2550,9.0,325991.0,0.597
2551,9.0,385453.0,0.597
2552,9.0,48020.0,0.597
2553,9.0,312085.0,0.597
2554,9.0,284384.0,0.596
2555,9.0,139295.0,0.596
2556,9.0,308473.0,0.596
2557,9.0,173557.0,0.596
2558,9.0,108808.0,0.593
2559,9.0,108813.0,0.593
2560,9.0,358620.0,0.593
2561,9.0,263553.0,0.593
2562,9.0,87737.0,0.593
2563,9.0,146548.0,0.592
2564,9.0,233375.0,0.592
2565,9.0,287950.0,0.592
2566,9.0,425331.0,0.592
2567,9.0,96849.0,0.592
2568,9.0,187131.0,0.591
2569,9.0,349778.0,0.591
2570,9.0,130864.0,0.591
2571,9.0,84104.0,0.59
2572,9.0,74591.0,0.59
2573,9.0,164267.0,0.589
2574,9.0,40470.0,0.589
2575,9.0,398606.0,0.589
2576,9.0,167783.0,0.589
2577,9.0,204239.0,0.588
2578,9.0,362577.0,0.588
2579,9.0,213124.0,0.587
2580,9.0,435119.0,0.586
2581,9.0,32229.0,0.585
2582,9.0,367405.0,0.585
2583,9.0,64776.0,0.585
2584,9.0,78421.0,0.585
2585,9.0,58900.0,0.585
2586,9.0,355509.0,0.584
2587,9.0,218684.0,0.584
2588,9.0,180766.0,0.584
2589,9.0,90941.0,0.584
2590,9.0,75350.0,0.584
2591,9.0,130908.0,0.583
2592,9.0,185127.0,0.582
2593,9.0,381927.0,0.582
2594,9.0,237316.0,0.582
2595,9.0,162743.0,0.581
2596,9.0,180105.0,0.579
2597,9.0,286667.0,0.579
2598,9.0,117087.0,0.579
2599,9.0,201356.0,0.579
2600,9.0,306920.0,0.578
2601,9.0,256766.0,0.578
2602,9.0,173731.0,0.578
2603,9.0,94725.0,0.578
2604,9.0,90427.0,0.577
2605,9.0,326783.0,0.577
2606,9.0,117779.0,0.577
2607,9.0,436410.0,0.576
2608,9.0,110570.0,0.575
2609,9.0,44060.0,0.575
2610,9.0,360398.0,0.575
2611,9.0,270728.0,0.575
2612,9.0,293748.0,0.574
2613,9.0,293750.0,0.574
2614,9.0,172004.0,0.573
2615,9.0,204228.0,0.573
2616,9.0,354655.0,0.573
2617,9.0,167820.0,0.573
2618,9.0,77293.0,0.572
2619,9.0,199585.0,0.572
2620,9.0,341059.0,0.569
2621,9.0,263560.0,0.569
2622,9.0,213155.0,0.569
2623,9.0,237267.0,0.568
2624,9.0,284019.0,0.568
2625,9.0,30145.0,0.568
2626,9.0,64885.0,0.568
2627,9.0,47961.0,0.567
2628,9.0,384320.0,0.567
2629,9.0,111190.0,0.567
2630,9.0,48004.0,0.567
2631,9.0,237325.0,0.567
2632,9.0,264583.0,0.565
2633,9.0,39944.0,0.563
2634,9.0,171135.0,0.562
2635,9.0,111540.0,0.562
2636,9.0,62571.0,0.562
2637,9.0,201941.0,0.561
2638,9.0,70160.0,0.561
2639,9.0,134396.0,0.56
2640,9.0,297301.0,0.56
2641,9.0,223146.0,0.559
2642,9.0,185108.0,0.559
2643,9.0,403394.0,0.559
2644,9.0,59736.0,0.558
2645,9.0,265090.0,0.558
2646,9.0,148252.0,0.558
2647,9.0,274083.0,0.557
2648,9.0,185998.0,0.557
2649,9.0,41230.0,0.557
2650,9.0,335711.0,0.555
2651,9.0,183788.0,0.555
2652,9.0,177976.0,0.554
2653,9.0,234371.0,0.554
2654,9.0,102315.0,0.553
2655,9.0,292966.0,0.553
2656,9.0,282473.0,0.553
2657,9.0,291889.0,0.553
2658,9.0,168351.0,0.552
2659,9.0,263445.0,0.551
2660,9.0,138400.0,0.551
2661,9.0,177939.0,0.551
2662,9.0,95242.0,0.551
2663,9.0,403290.0,0.551
2664,9.0,100310.0,0.55
2665,9.0,143761.0,0.55
2666,9.0,280864.0,0.549
2667,9.0,155854.0,0.549
2668,9.0,352218.0,0.548
2669,9.0,81815.0,0.546
2670,9.0,356575.0,0.545
2671,9.0,423693.0,0.545
2672,9.0,204115.0,0.545
2673,9.0,228352.0,0.545
2674,9.0,133083.0,0.544
2675,9.0,263250.0,0.544
2676,9.0,251543.0,0.544
2677,9.0,381907.0,0.543
2678,9.0,84128.0,0.543
2679,9.0,174864.0,0.543
2680,9.0,43126.0,0.543
2681,9.0,109487.0,0.543
2682,9.0,232901.0,0.543
2683,9.0,262426.0,0.542
2684,9.0,351312.0,0.542
2685,9.0,139245.0,0.542
2686,9.0,41224.0,0.541
2687,9.0,394941.0,0.541
2688,9.0,244565.0,0.54
2689,9.0,90406.0,0.538
2690,9.0,118282.0,0.538
2691,9.0,382509.0,0.538
2692,9.0,400283.0,0.537
2693,9.0,102343.0,0.537
2694,9.0,436430.0,0.537
2695,9.0,168294.0,0.537
2696,9.0,190558.0,0.537
2697,9.0,354400.0,0.537
2698,9.0,98066.0,0.536
2699,9.0,426381.0,0.536
2700,9.0,261667.0,0.535
2701,9.0,47976.0,0.535
2702,9.0,376258.0,0.535
2703,9.0,416962.0,0.534
2704,9.0,196015.0,0.534
2705,9.0,235409.0,0.534
2706,9.0,145168.0,0.533
2707,9.0,103315.0,0.532
2708,9.0,343627.0,0.532
2709,9.0,227365.0,0.531
2710,9.0,249682.0,0.531
2711,9.0,103958.0,0.531
2712,9.0,120439.0,0.53
2713,9.0,385939.0,0.529
2714,9.0,44630.0,0.529
2715,9.0,170826.0,0.529
2716,9.0,119617.0,0.529
2717,9.0,123602.0,0.528
2718,9.0,331184.0,0.527
2719,9.0,129774.0,0.527
2720,9.0,153630.0,0.527
2721,9.0,191572.0,0.527
2722,9.0,202906.0,0.526
2723,9.0,105263.0,0.525
2724,9.0,201358.0,0.525
2725,9.0,254762.0,0.525
2726,9.0,285709.0,0.524
2727,9.0,356509.0,0.524
2728,9.0,62797.0,0.523
2729,9.0,414962.0,0.522
2730,9.0,284083.0,0.522
2731,9.0,352993.0,0.521
2732,9.0,273041.0,0.521
2733,9.0,341885.0,0.521
2734,9.0,100299.0,0.52
2735,9.0,88548.0,0.52
2736,9.0,331698.0,0.52
2737,9.0,384337.0,0.519
2738,9.0,141603.0,0.519
2739,9.0,345288.0,0.517
2740,9.0,292122.0,0.517
2741,9.0,413803.0,0.516
2742,9.0,330515.0,0.516
2743,9.0,263820.0,0.516
2744,9.0,148934.0,0.515
2745,9.0,212643.0,0.515
2746,9.0,39928.0,0.515
2747,9.0,122255.0,0.514
2748,9.0,325585.0,0.513
2749,9.0,304278.0,0.513
2750,9.0,260890.0,0.513
2751,9.0,220112.0,0.513
2752,9.0,236518.0,0.513
2753,9.0,259421.0,0.512
2754,9.0,157152.0,0.512
2755,9.0,61199.0,0.512
2756,9.0,64863.0,0.512
2757,9.0,330711.0,0.511
2758,9.0,67095.0,0.511
2759,9.0,141606.0,0.511
2760,9.0,217527.0,0.51
2761,9.0,245145.0,0.508
2762,9.0,359916.0,0.508
2763,9.0,341369.0,0.508
2764,9.0,429643.0,0.508
2765,9.0,247199.0,0.507
2766,9.0,247244.0,0.506
2767,9.0,152043.0,0.506
2768,9.0,284107.0,0.506
2769,9.0,353005.0,0.506
2770,9.0,164500.0,0.506
2771,9.0,91339.0,0.505
2772,9.0,388180.0,0.505
2773,9.0,263402.0,0.505
2774,9.0,415926.0,0.505
2775,9.0,100400.0,0.504
2776,9.0,354631.0,0.504
2777,9.0,272417.0,0.503
2778,9.0,152448.0,0.502
2779,9.0,333667.0,0.499
2780,9.0,89589.0,0.499
2781,9.0,181803.0,0.499
2782,9.0,139735.0,0.499
2783,9.0,50947.0,0.499
2784,9.0,213533.0,0.498
2785,9.0,151538.0,0.498
2786,9.0,213527.0,0.498
2787,9.0,343013.0,0.497
2788,9.0,119631.0,0.497
2789,9.0,301366.0,0.497
2790,9.0,112075.0,0.497
2791,9.0,412848.0,0.497
2792,9.0,168700.0,0.497
2793,9.0,263473.0,0.497
2794,9.0,217394.0,0.497
2795,9.0,171059.0,0.497
2796,9.0,362080.0,0.497
2797,9.0,174853.0,0.497
2798,9.0,235393.0,0.496
2799,9.0,292471.0,0.496
2800,9.0,422974.0,0.496
2801,9.0,142491.0,0.496
2802,9.0,256716.0,0.494
2803,9.0,424537.0,0.494
2804,9.0,70355.0,0.494
2805,9.0,292063.0,0.493
2806,9.0,429660.0,0.492
2807,9.0,115149.0,0.492
2808,9.0,205007.0,0.491
2809,9.0,335387.0,0.491
2810,9.0,133969.0,0.491
2811,9.0,36910.0,0.491
2812,9.0,133948.0,0.49
2813,9.0,109860.0,0.49
2814,9.0,322267.0,0.489
2815,9.0,288277.0,0.489
2816,9.0,292459.0,0.489
2817,9.0,301477.0,0.488
2818,9.0,267822.0,0.487
2819,9.0,308579.0,0.487
2820,9.0,33696.0,0.486
2821,9.0,421892.0,0.486
2822,9.0,118680.0,0.484
2823,9.0,401276.0,0.484
2824,9.0,247449.0,0.484
2825,9.0,279015.0,0.484
2826,9.0,417356.0,0.484
2827,9.0,334703.0,0.483
2828,9.0,425400.0,0.483
2829,9.0,65739.0,0.483
2830,9.0,194335.0,0.483
2831,9.0,108532.0,0.482
2832,9.0,120566.0,0.482
2833,9.0,65913.0,0.482
2834,9.0,88613.0,0.482
2835,9.0,171076.0,0.482
2836,9.0,264895.0,0.482
2837,9.0,73946.0,0.481
2838,9.0,364411.0,0.481
2839,9.0,227751.0,0.481
2840,9.0,291834.0,0.481
2841,9.0,320685.0,0.481
2842,9.0,171038.0,0.481
2843,9.0,160226.0,0.481
2844,9.0,153975.0,0.48
2845,9.0,371867.0,0.48
2846,9.0,187662.0,0.479
2847,9.0,129805.0,0.479
2848,9.0,212062.0,0.478
2849,9.0,338857.0,0.478
2850,9.0,234292.0,0.476
2851,9.0,362040.0,0.476
2852,9.0,92876.0,0.476
2853,9.0,373006.0,0.475
2854,9.0,167913.0,0.475
2855,9.0,325518.0,0.475
2856,9.0,109717.0,0.475
2857,9.0,263888.0,0.475
2858,9.0,181154.0,0.474
2859,9.0,129735.0,0.474
2860,9.0,370189.0,0.474
2861,9.0,304842.0,0.474
2862,9.0,47982.0,0.474
2863,9.0,36967.0,0.474
2864,9.0,289534.0,0.474
2865,9.0,436119.0,0.473
2866,9.0,284216.0,0.473
2867,9.0,352959.0,0.473
2868,9.0,67677.0,0.473
2869,9.0,338798.0,0.472
2870,9.0,88386.0,0.472
2871,9.0,129814.0,0.471
2872,9.0,58293.0,0.47
2873,9.0,388469.0,0.47
2874,9.0,388499.0,0.47
2875,9.0,76214.0,0.468
2876,9.0,58949.0,0.468
2877,9.0,373091.0,0.467
2878,9.0,213519.0,0.467
2879,9.0,134112.0,0.467
2880,9.0,27912.0,0.467
2881,9.0,380003.0,0.467
2882,9.0,300818.0,0.467
2883,9.0,121820.0,0.466
2884,9.0,241253.0,0.466
2885,9.0,412846.0,0.465
2886,9.0,267833.0,0.464
2887,9.0,201378.0,0.463
2888,9.0,335550.0,0.463
2889,9.0,200187.0,0.462
2890,9.0,35029.0,0.461
2891,9.0,216110.0,0.46
2892,9.0,234323.0,0.46
2893,9.0,230794.0,0.459
2894,9.0,418305.0,0.459
2895,9.0,139325.0,0.459
2896,9.0,304852.0,0.459
2897,9.0,141126.0,0.459
2898,9.0,112070.0,0.458
2899,9.0,144320.0,0.458
2900,9.0,322226.0,0.458
2901,9.0,160243.0,0.458
2902,9.0,304443.0,0.458
2903,9.0,168523.0,0.457
2904,9.0,352931.0,0.457
2905,9.0,142539.0,0.457
2906,9.0,171819.0,0.456
2907,9.0,395912.0,0.456
2908,9.0,394828.0,0.455
2909,9.0,92445.0,0.455
2910,9.0,335551.0,0.455
2911,9.0,142817.0,0.455
2912,9.0,112603.0,0.454
2913,9.0,420025.0,0.454
2914,9.0,338293.0,0.453
2915,9.0,146209.0,0.452
2916,9.0,86353.0,0.451
2917,9.0,84009.0,0.451
2918,9.0,80560.0,0.45
2919,9.0,364432.0,0.45
2920,9.0,216443.0,0.45
2921,9.0,102297.0,0.45
2922,9.0,80222.0,0.45
2923,9.0,322200.0,0.45
2924,9.0,263373.0,0.45
2925,9.0,236908.0,0.449
2926,9.0,165827.0,0.449
2927,9.0,235721.0,0.449
2928,9.0,376346.0,0.447
2929,9.0,424553.0,0.447
2930,9.0,63804.0,0.446
2931,9.0,409272.0,0.446
2932,9.0,142779.0,0.446
2933,9.0,252767.0,0.445
2934,9.0,327052.0,0.445
2935,9.0,109768.0,0.445
2936,9.0,89611.0,0.444
2937,9.0,164484.0,0.444
2938,9.0,330512.0,0.444
2939,9.0,334852.0,0.444
2940,9.0,58430.0,0.444
2941,9.0,180309.0,0.444
2942,9.0,130950.0,0.444
2943,9.0,61032.0,0.443
2944,9.0,83989.0,0.443
2945,9.0,352415.0,0.442
2946,9.0,144333.0,0.442
2947,9.0,128082.0,0.442
2948,9.0,106941.0,0.442
2949,9.0,73516.0,0.442
2950,9.0,141628.0,0.441
2951,9.0,352429.0,0.441
2952,9.0,120938.0,0.439
2953,9.0,380577.0,0.439
2954,9.0,146180.0,0.437
2955,9.0,367986.0,0.437
2956,9.0,284070.0,0.436
2957,9.0,200891.0,0.436
2958,9.0,194995.0,0.436
2959,9.0,164598.0,0.436
2960,9.0,194431.0,0.436
2961,9.0,40056.0,0.436
2962,9.0,331237.0,0.436
2963,9.0,108106.0,0.435
2964,9.0,160584.0,0.435
2965,9.0,121707.0,0.435
2966,9.0,168228.0,0.435
2967,9.0,403788.0,0.435
2968,9.0,357570.0,0.435
2969,9.0,106910.0,0.434
2970,9.0,189009.0,0.434
2971,9.0,273522.0,0.433
2972,9.0,91400.0,0.433
2973,9.0,81118.0,0.433
2974,9.0,303373.0,0.433
2975,9.0,177303.0,0.433
2976,9.0,367806.0,0.429
2977,9.0,422052.0,0.429
2978,9.0,158745.0,0.428
2979,9.0,325522.0,0.428
2980,9.0,154198.0,0.428
2981,9.0,284069.0,0.428
2982,9.0,270613.0,0.428
2983,9.0,292023.0,0.428
2984,9.0,172761.0,0.428
2985,9.0,280852.0,0.427
2986,9.0,235376.0,0.427
2987,9.0,218080.0,0.427
2988,9.0,120043.0,0.427
2989,9.0,204171.0,0.427
2990,9.0,385666.0,0.427
2991,9.0,134382.0,0.427
2992,9.0,377668.0,0.427
2993,9.0,220227.0,0.426
2994,9.0,358677.0,0.426
2995,9.0,28124.0,0.426
2996,9.0,303763.0,0.426
2997,9.0,57235.0,0.425
2998,9.0,131825.0,0.424
2999,9.0,192037.0,0.424
3000,9.0,409270.0,0.422
3001,9.0,146161.0,0.422
3002,9.0,289543.0,0.421
3003,9.0,279452.0,0.421
3004,9.0,436691.0,0.421
3005,9.0,226329.0,0.421
3006,9.0,130382.0,0.421
3007,9.0,283085.0,0.421
3008,9.0,137569.0,0.421
3009,9.0,308025.0,0.42
3010,9.0,114221.0,0.42
3011,9.0,412800.0,0.419
3012,9.0,192385.0,0.419
3013,9.0,67637.0,0.419
3014,9.0,427785.0,0.419
3015,9.0,322278.0,0.419
3016,9.0,68025.0,0.419
3017,9.0,220215.0,0.419
3018,9.0,411831.0,0.418
3019,9.0,381860.0,0.418
3020,9.0,389054.0,0.418
3021,9.0,58339.0,0.417
3022,9.0,393945.0,0.416
3023,9.0,184406.0,0.416
3024,9.0,103338.0,0.415
3025,9.0,388628.0,0.414
3026,9.0,351903.0,0.414
3027,9.0,139489.0,0.414
3028,9.0,174369.0,0.413
3029,9.0,81408.0,0.413
3030,9.0,322980.0,0.413
3031,9.0,142749.0,0.413
3032,9.0,258922.0,0.413
3033,9.0,167895.0,0.413
3034,9.0,394079.0,0.413
3035,9.0,160683.0,0.413
3036,9.0,78844.0,0.412
3037,9.0,165187.0,0.412
3038,9.0,358683.0,0.412
3039,9.0,395797.0,0.412
3040,9.0,288910.0,0.412
3041,9.0,288359.0,0.412
3042,9.0,144372.0,0.412
3043,9.0,88953.0,0.412
3044,9.0,412484.0,0.411
3045,9.0,244671.0,0.411
3046,9.0,58368.0,0.409
3047,9.0,119809.0,0.407
3048,9.0,98104.0,0.407
3049,9.0,58644.0,0.406
3050,9.0,140632.0,0.406
3051,9.0,396845.0,0.406
3052,9.0,117852.0,0.405
3053,9.0,371995.0,0.405
3054,9.0,296367.0,0.405
3055,9.0,65765.0,0.404
3056,9.0,109808.0,0.404
3057,9.0,154667.0,0.404
3058,9.0,186217.0,0.404
3059,9.0,98352.0,0.403
3060,9.0,88420.0,0.403
3061,9.0,98349.0,0.403
3062,9.0,272612.0,0.403
3063,9.0,254839.0,0.402
3064,9.0,63729.0,0.401
3065,9.0,192489.0,0.399
3066,9.0,333658.0,0.398
3067,9.0,362074.0,0.398
3068,9.0,347032.0,0.398
3069,9.0,396846.0,0.398
3070,9.0,330508.0,0.397
3071,9.0,273063.0,0.397
3072,9.0,39195.0,0.396
3073,9.0,288238.0,0.396
3074,9.0,144407.0,0.396
3075,9.0,357864.0,0.396
3076,9.0,415919.0,0.396
3077,9.0,68128.0,0.396
3078,9.0,288604.0,0.393
3079,9.0,30297.0,0.393
3080,9.0,112590.0,0.392
3081,9.0,234184.0,0.391
3082,9.0,319648.0,0.391
3083,9.0,335682.0,0.39
3084,9.0,258914.0,0.39
3085,9.0,78445.0,0.39
3086,9.0,316680.0,0.39
3087,9.0,226313.0,0.39
3088,9.0,164458.0,0.389
3089,9.0,363926.0,0.389
3090,9.0,112445.0,0.388
3091,9.0,427854.0,0.388
3092,9.0,352911.0,0.388
3093,9.0,428781.0,0.388
3094,9.0,358658.0,0.388
3095,9.0,388135.0,0.387
3096,9.0,41728.0,0.387
3097,9.0,395991.0,0.387
3098,9.0,131817.0,0.385
3099,9.0,345346.0,0.385
3100,9.0,288635.0,0.385
3101,9.0,376521.0,0.384
3102,9.0,376518.0,0.384
3103,9.0,376317.0,0.383
3104,9.0,319327.0,0.383
3105,9.0,353924.0,0.383
3106,9.0,319336.0,0.383
3107,9.0,320403.0,0.382
3108,9.0,160673.0,0.382
3109,9.0,371985.0,0.382
3110,9.0,414881.0,0.382
3111,9.0,117293.0,0.382
3112,9.0,145143.0,0.381
3113,9.0,278065.0,0.38
3114,9.0,398641.0,0.38
3115,9.0,258375.0,0.38
3116,9.0,162970.0,0.38
3117,9.0,90756.0,0.38
3118,9.0,388001.0,0.38
3119,9.0,356046.0,0.38
3120,9.0,27125.0,0.38
3121,9.0,393904.0,0.378
3122,9.0,301947.0,0.378
3123,9.0,112578.0,0.376
3124,9.0,319675.0,0.375
3125,9.0,119663.0,0.374
3126,9.0,287854.0,0.374
3127,9.0,160671.0,0.374
3128,9.0,304639.0,0.374
3129,9.0,182479.0,0.373
3130,9.0,355252.0,0.373
3131,9.0,155903.0,0.372
3132,9.0,122730.0,0.372
3133,9.0,74186.0,0.372
3134,9.0,289565.0,0.372
3135,9.0,108913.0,0.371
3136,9.0,129703.0,0.371
3137,9.0,74315.0,0.37
3138,9.0,261779.0,0.37
3139,9.0,388541.0,0.369
3140,9.0,234178.0,0.367
3141,9.0,409234.0,0.367
3142,9.0,419407.0,0.367
3143,9.0,306358.0,0.367
3144,9.0,306354.0,0.367
3145,9.0,116141.0,0.366
3146,9.0,225625.0,0.366
3147,9.0,71681.0,0.366
3148,9.0,30989.0,0.365
3149,9.0,423659.0,0.365
3150,9.0,274058.0,0.364
3151,9.0,122727.0,0.364
3152,9.0,398643.0,0.364
3153,9.0,425380.0,0.364
3154,9.0,261789.0,0.363
3155,9.0,319344.0,0.36
3156,9.0,180692.0,0.36
3157,9.0,318905.0,0.36
3158,9.0,260298.0,0.359
3159,9.0,232169.0,0.358
3160,9.0,292382.0,0.358
3161,9.0,130974.0,0.358
3162,9.0,304664.0,0.358
3163,9.0,217821.0,0.358
3164,9.0,423674.0,0.357
3165,9.0,74669.0,0.356
3166,9.0,30966.0,0.356
3167,9.0,295705.0,0.355
3168,9.0,222728.0,0.353
3169,9.0,42878.0,0.353
3170,9.0,154529.0,0.352
3171,9.0,396808.0,0.352
3172,9.0,194697.0,0.352
3173,9.0,111295.0,0.351
3174,9.0,417327.0,0.351
3175,9.0,116144.0,0.35
3176,9.0,116162.0,0.35
3177,9.0,258017.0,0.35
3178,9.0,358304.0,0.349
3179,9.0,180479.0,0.349
3180,9.0,144386.0,0.349
3181,9.0,282949.0,0.348
3182,9.0,200418.0,0.347
3183,9.0,237894.0,0.346
3184,9.0,124252.0,0.345
3185,9.0,81182.0,0.345
3186,9.0,115098.0,0.344
3187,9.0,78753.0,0.344
3188,9.0,319307.0,0.344
3189,9.0,370205.0,0.344
3190,9.0,280371.0,0.344
3191,9.0,227478.0,0.343
3192,9.0,39654.0,0.343
3193,9.0,420873.0,0.342
3194,9.0,229099.0,0.342
3195,9.0,233495.0,0.342
3196,9.0,319707.0,0.342
3197,9.0,388003.0,0.342
3198,9.0,194564.0,0.341
3199,9.0,428425.0,0.341
3200,9.0,300804.0,0.34
3201,9.0,364974.0,0.34
3202,9.0,68300.0,0.34
3203,9.0,393977.0,0.34
3204,9.0,166247.0,0.339
3205,9.0,394712.0,0.339
3206,9.0,108637.0,0.337
3207,9.0,102388.0,0.337
3208,9.0,62861.0,0.337
3209,9.0,62874.0,0.337
3210,9.0,132073.0,0.337
3211,9.0,70112.0,0.337
3212,9.0,326809.0,0.336
3213,9.0,224520.0,0.336
3214,9.0,304943.0,0.336
3215,9.0,226260.0,0.335
3216,9.0,226258.0,0.335
3217,9.0,428887.0,0.335
3218,9.0,192440.0,0.335
3219,9.0,305054.0,0.335
3220,9.0,420881.0,0.334
3221,9.0,224419.0,0.334
3222,9.0,342991.0,0.334
3223,9.0,285106.0,0.334
3224,9.0,337226.0,0.334
3225,9.0,116327.0,0.334
3226,9.0,304712.0,0.334
3227,9.0,110441.0,0.333
3228,9.0,311875.0,0.333
3229,9.0,64527.0,0.333
3230,9.0,79123.0,0.333
3231,9.0,290277.0,0.332
3232,9.0,203160.0,0.332
3233,9.0,67994.0,0.332
3234,9.0,287625.0,0.331
3235,9.0,70061.0,0.329
3236,9.0,316794.0,0.329
3237,9.0,296401.0,0.328
3238,9.0,104793.0,0.327
3239,9.0,116170.0,0.327
3240,9.0,388792.0,0.327
3241,9.0,341661.0,0.327
3242,9.0,43969.0,0.327
3243,9.0,373060.0,0.326
3244,9.0,410441.0,0.326
3245,9.0,141698.0,0.326
3246,9.0,216916.0,0.326
3247,9.0,389118.0,0.326
3248,9.0,410440.0,0.326
3249,9.0,297699.0,0.326
3250,9.0,297546.0,0.325
3251,9.0,345366.0,0.324
3252,9.0,301931.0,0.324
3253,9.0,413028.0,0.321
3254,9.0,371974.0,0.32
3255,9.0,167316.0,0.319
3256,9.0,285654.0,0.319
3257,9.0,400327.0,0.318
3258,9.0,389120.0,0.318
3259,9.0,297562.0,0.318
3260,9.0,330467.0,0.317
3261,9.0,119351.0,0.317
3262,9.0,193963.0,0.316
3263,9.0,187755.0,0.316
3264,9.0,287649.0,0.315
3265,9.0,182917.0,0.314
3266,9.0,110354.0,0.313
3267,9.0,280455.0,0.312
3268,9.0,280438.0,0.312
3269,9.0,233435.0,0.312
3270,9.0,104777.0,0.312
3271,9.0,39683.0,0.312
3272,9.0,280431.0,0.312
3273,9.0,389250.0,0.311
3274,9.0,389107.0,0.311
3275,9.0,27220.0,0.311
3276,9.0,367993.0,0.31
3277,9.0,142449.0,0.31
3278,9.0,305755.0,0.31
3279,9.0,65308.0,0.31
3280,9.0,272249.0,0.31
3281,9.0,388387.0,0.309
3282,9.0,149123.0,0.309
3283,9.0,139366.0,0.309
3284,9.0,212315.0,0.309
3285,9.0,166256.0,0.308
3286,9.0,212270.0,0.308
3287,9.0,117862.0,0.304
3288,9.0,104775.0,0.304
3289,9.0,395444.0,0.304
3290,9.0,66430.0,0.304
3291,9.0,396065.0,0.304
3292,9.0,111807.0,0.304
3293,9.0,104774.0,0.304
3294,9.0,160308.0,0.303
3295,9.0,389106.0,0.303
3296,9.0,402779.0,0.303
3297,9.0,232143.0,0.303
3298,9.0,395424.0,0.303
3299,9.0,396060.0,0.303
3300,9.0,30936.0,0.302
3301,9.0,88460.0,0.302
3302,9.0,134368.0,0.302
3303,9.0,195686.0,0.301
3304,9.0,362922.0,0.301
3305,9.0,144868.0,0.301
3306,9.0,74079.0,0.301
3307,9.0,108140.0,0.301
3308,9.0,66525.0,0.299
3309,9.0,226230.0,0.297
3310,9.0,124317.0,0.297
3311,9.0,388277.0,0.296
3312,9.0,248374.0,0.296
3313,9.0,114322.0,0.296
3314,9.0,89065.0,0.296
3315,9.0,396062.0,0.296
3316,9.0,233478.0,0.296
3317,9.0,59000.0,0.296
3318,9.0,195164.0,0.295
3319,9.0,214868.0,0.295
3320,9.0,39006.0,0.295
3321,9.0,139379.0,0.295
3322,9.0,402821.0,0.295
3323,9.0,388293.0,0.295
3324,9.0,78523.0,0.294
3325,9.0,351530.0,0.294
3326,9.0,30919.0,0.294
3327,9.0,115975.0,0.294
3328,9.0,43788.0,0.294
3329,9.0,78979.0,0.294
3330,9.0,362514.0,0.292
3331,9.0,358994.0,0.291
3332,9.0,220278.0,0.29
3333,9.0,110361.0,0.29
3334,9.0,278313.0,0.289
3335,9.0,226227.0,0.289
3336,9.0,280468.0,0.288
3337,9.0,186307.0,0.288
3338,9.0,302942.0,0.288
3339,9.0,352506.0,0.287
3340,9.0,402787.0,0.287
3341,9.0,370665.0,0.286
3342,9.0,310471.0,0.286
3343,9.0,402760.0,0.286
3344,9.0,347251.0,0.286
3345,9.0,402755.0,0.286
3346,9.0,182903.0,0.282
3347,9.0,306392.0,0.282
3348,9.0,352806.0,0.281
3349,9.0,34789.0,0.281
3350,9.0,252710.0,0.281
3351,9.0,90304.0,0.281
3352,9.0,78623.0,0.28
3353,9.0,279575.0,0.28
3354,9.0,280479.0,0.28
3355,9.0,376298.0,0.28
3356,9.0,359577.0,0.28
3357,9.0,119793.0,0.28
3358,9.0,168386.0,0.28
3359,9.0,89684.0,0.28
3360,9.0,271159.0,0.28
3361,9.0,279558.0,0.28
3362,9.0,133794.0,0.279
3363,9.0,185162.0,0.279
3364,9.0,308572.0,0.279
3365,9.0,285165.0,0.279
3366,9.0,212412.0,0.279
3367,9.0,349864.0,0.279
3368,9.0,412445.0,0.278
3369,9.0,94872.0,0.278
3370,9.0,39420.0,0.278
3371,9.0,144864.0,0.278
3372,9.0,167634.0,0.278
3373,9.0,252030.0,0.278
3374,9.0,193955.0,0.277
3375,9.0,66479.0,0.275
3376,9.0,228927.0,0.274
3377,9.0,318916.0,0.273
3378,9.0,316183.0,0.273
3379,9.0,231178.0,0.273
3380,9.0,333584.0,0.272
3381,9.0,84975.0,0.272
3382,9.0,292294.0,0.272
3383,9.0,127880.0,0.272
3384,9.0,74192.0,0.272
3385,9.0,294191.0,0.272
3386,9.0,45085.0,0.271
3387,9.0,229703.0,0.271
3388,9.0,279589.0,0.271
3389,9.0,389536.0,0.271
3390,9.0,352524.0,0.271
3391,9.0,133814.0,0.271
3392,9.0,195641.0,0.271
3393,9.0,232122.0,0.271
3394,9.0,342846.0,0.27
3395,9.0,412398.0,0.27
3396,9.0,325549.0,0.266
3397,9.0,142108.0,0.266
3398,9.0,119295.0,0.265
3399,9.0,89694.0,0.265
3400,9.0,43501.0,0.265
3401,9.0,419098.0,0.264
3402,9.0,45038.0,0.264
3403,9.0,79107.0,0.264
3404,9.0,102691.0,0.264
3405,9.0,353737.0,0.264
3406,9.0,412410.0,0.263
3407,9.0,45153.0,0.263
3408,9.0,45171.0,0.263
3409,9.0,226479.0,0.263
3410,9.0,94880.0,0.263
3411,9.0,247839.0,0.263
3412,9.0,287684.0,0.262
3413,9.0,74733.0,0.262
3414,9.0,194637.0,0.259
3415,9.0,112555.0,0.259
3416,9.0,336780.0,0.258
3417,9.0,59025.0,0.257
3418,9.0,261836.0,0.257
3419,9.0,142155.0,0.257
3420,9.0,379971.0,0.257
3421,9.0,280491.0,0.257
3422,9.0,119287.0,0.257
3423,9.0,33613.0,0.257
3424,9.0,112017.0,0.257
3425,9.0,297522.0,0.256
3426,9.0,280838.0,0.256
3427,9.0,299372.0,0.256
3428,9.0,190938.0,0.256
3429,9.0,186334.0,0.256
3430,9.0,115477.0,0.256
3431,9.0,59863.0,0.255
3432,9.0,352266.0,0.254
3433,9.0,105467.0,0.254
3434,9.0,102406.0,0.251
3435,9.0,318925.0,0.251
3436,9.0,304383.0,0.25
3437,9.0,231246.0,0.25
3438,9.0,78636.0,0.249
3439,9.0,114311.0,0.249
3440,9.0,218104.0,0.249
3441,9.0,348005.0,0.249
3442,9.0,154135.0,0.248
3443,9.0,157176.0,0.248
3444,9.0,136634.0,0.248
3445,9.0,436563.0,0.248
3446,9.0,79768.0,0.248
3447,9.0,233034.0,0.248
3448,9.0,241157.0,0.247
3449,9.0,59858.0,0.247
3450,9.0,30428.0,0.243
3451,9.0,226132.0,0.242
3452,9.0,111987.0,0.242
3453,9.0,167416.0,0.241
3454,9.0,99464.0,0.241
3455,9.0,181384.0,0.241
3456,9.0,426937.0,0.24
3457,9.0,116373.0,0.24
3458,9.0,46042.0,0.24
3459,9.0,225182.0,0.24
3460,9.0,398688.0,0.24
3461,9.0,102695.0,0.24
3462,9.0,345397.0,0.239
3463,9.0,394863.0,0.239
3464,9.0,234586.0,0.235
3465,9.0,162665.0,0.234
3466,9.0,355985.0,0.234
3467,9.0,79891.0,0.234
3468,9.0,71627.0,0.233
3469,9.0,419229.0,0.233
3470,9.0,229325.0,0.233
3471,9.0,28855.0,0.233
3472,9.0,364877.0,0.233
3473,9.0,303269.0,0.233
3474,9.0,46025.0,0.233
3475,9.0,318172.0,0.233
3476,9.0,181355.0,0.233
3477,9.0,345409.0,0.232
3478,9.0,68887.0,0.232
3479,9.0,412357.0,0.232
3480,9.0,362472.0,0.231
3481,9.0,362509.0,0.231
3482,9.0,139177.0,0.231
3483,9.0,327349.0,0.227
3484,9.0,327346.0,0.227
3485,9.0,351813.0,0.227
3486,9.0,327350.0,0.227
3487,9.0,359048.0,0.227
3488,9.0,270625.0,0.226
3489,9.0,353904.0,0.226
3490,9.0,264924.0,0.226
3491,9.0,137291.0,0.226
3492,9.0,63883.0,0.225
3493,9.0,225238.0,0.225
3494,9.0,154990.0,0.225
3495,9.0,64513.0,0.225
3496,9.0,28568.0,0.225
3497,9.0,43730.0,0.225
3498,9.0,79815.0,0.225
3499,9.0,46024.0,0.225
3500,9.0,167585.0,0.224
3501,9.0,225152.0,0.224
3502,9.0,195660.0,0.224
3503,9.0,241088.0,0.223
3504,9.0,275127.0,0.223
3505,9.0,316757.0,0.22
3506,9.0,182766.0,0.218
3507,9.0,190967.0,0.218
3508,9.0,137293.0,0.218
3509,9.0,288418.0,0.218
3510,9.0,137274.0,0.218
3511,9.0,95029.0,0.217
3512,9.0,234693.0,0.217
3513,9.0,214811.0,0.217
3514,9.0,157189.0,0.217
3515,9.0,415884.0,0.216
3516,9.0,155041.0,0.211
3517,9.0,27244.0,0.211
3518,9.0,370214.0,0.211
3519,9.0,90676.0,0.211
3520,9.0,182795.0,0.211
3521,9.0,71576.0,0.211
3522,9.0,46850.0,0.21
3523,9.0,115577.0,0.21
3524,9.0,80013.0,0.21
3525,9.0,251434.0,0.21
3526,9.0,89048.0,0.21
3527,9.0,181442.0,0.21
3528,9.0,242734.0,0.21
3529,9.0,77863.0,0.21
3530,9.0,171497.0,0.21
3531,9.0,328023.0,0.21
3532,9.0,142415.0,0.209
3533,9.0,167488.0,0.209
3534,9.0,285622.0,0.208
3535,9.0,360825.0,0.208
3536,9.0,388349.0,0.208
3537,9.0,148654.0,0.208
3538,9.0,260193.0,0.208
3539,9.0,277576.0,0.207
3540,9.0,217562.0,0.204
3541,9.0,26984.0,0.204
3542,9.0,359104.0,0.203
3543,9.0,77916.0,0.203
3544,9.0,117401.0,0.203
3545,9.0,77883.0,0.203
3546,9.0,426610.0,0.202
3547,9.0,242737.0,0.202
3548,9.0,142395.0,0.202
3549,9.0,57250.0,0.202
3550,9.0,174408.0,0.202
3551,9.0,115721.0,0.202
3552,9.0,187865.0,0.201
3553,9.0,51020.0,0.201
3554,9.0,74784.0,0.201
3555,9.0,142412.0,0.201
3556,9.0,375267.0,0.201
3557,9.0,148678.0,0.2
3558,9.0,303704.0,0.2
3559,9.0,110387.0,0.195
3560,9.0,328095.0,0.195
3561,9.0,354478.0,0.195
3562,9.0,341956.0,0.195
3563,9.0,346673.0,0.195
3564,9.0,256012.0,0.195
3565,9.0,89821.0,0.195
3566,9.0,171476.0,0.194
3567,9.0,142404.0,0.194
3568,9.0,112498.0,0.194
3569,9.0,136667.0,0.194
3570,9.0,200463.0,0.193
3571,9.0,168427.0,0.193
3572,9.0,33416.0,0.193
3573,9.0,427383.0,0.193
3574,9.0,202158.0,0.193
3575,9.0,254869.0,0.193
3576,9.0,148663.0,0.192
3577,9.0,155917.0,0.192
3578,9.0,188907.0,0.192
3579,9.0,231127.0,0.187
3580,9.0,134330.0,0.187
3581,9.0,203510.0,0.187
3582,9.0,216552.0,0.187
3583,9.0,407659.0,0.186
3584,9.0,419604.0,0.186
3585,9.0,112482.0,0.186
3586,9.0,188913.0,0.186
3587,9.0,184284.0,0.186
3588,9.0,252009.0,0.185
3589,9.0,235200.0,0.18
3590,9.0,46885.0,0.18
3591,9.0,233010.0,0.18
3592,9.0,136544.0,0.18
3593,9.0,243853.0,0.18
3594,9.0,26936.0,0.18
3595,9.0,111855.0,0.179
3596,9.0,171568.0,0.179
3597,9.0,79587.0,0.179
3598,9.0,293368.0,0.179
3599,9.0,285298.0,0.179
3600,9.0,347990.0,0.179
3601,9.0,88024.0,0.179
3602,9.0,316200.0,0.179
3603,9.0,171580.0,0.179
3604,9.0,402677.0,0.178
3605,9.0,225830.0,0.178
3606,9.0,184286.0,0.178
3607,9.0,352341.0,0.177
3608,9.0,252006.0,0.177
3609,9.0,45217.0,0.172
3610,9.0,347897.0,0.172
3611,9.0,155070.0,0.172
3612,9.0,221028.0,0.172
3613,9.0,283021.0,0.172
3614,9.0,79620.0,0.172
3615,9.0,233013.0,0.172
3616,9.0,221111.0,0.171
3617,9.0,88019.0,0.171
3618,9.0,75874.0,0.171
3619,9.0,137103.0,0.17
3620,9.0,76032.0,0.17
3621,9.0,33455.0,0.17
3622,9.0,229598.0,0.17
3623,9.0,67373.0,0.17
3624,9.0,182608.0,0.17
3625,9.0,190983.0,0.17
3626,9.0,67488.0,0.169
3627,9.0,284891.0,0.169
3628,9.0,346801.0,0.165
3629,9.0,37201.0,0.164
3630,9.0,28944.0,0.164
3631,9.0,233015.0,0.164
3632,9.0,75872.0,0.164
3633,9.0,341968.0,0.163
3634,9.0,427373.0,0.163
3635,9.0,408357.0,0.162
3636,9.0,182494.0,0.162
3637,9.0,32578.0,0.162
3638,9.0,163373.0,0.161
3639,9.0,116903.0,0.161
3640,9.0,295742.0,0.161
3641,9.0,355970.0,0.157
3642,9.0,181899.0,0.157
3643,9.0,217573.0,0.157
3644,9.0,26945.0,0.157
3645,9.0,117419.0,0.156
3646,9.0,80129.0,0.156
3647,9.0,226054.0,0.156
3648,9.0,137500.0,0.155
3649,9.0,90734.0,0.155
3650,9.0,353854.0,0.155
3651,9.0,261196.0,0.154
3652,9.0,202178.0,0.154
3653,9.0,318996.0,0.149
3654,9.0,318993.0,0.149
3655,9.0,294112.0,0.149
3656,9.0,294763.0,0.149
3657,9.0,45276.0,0.148
3658,9.0,102446.0,0.148
3659,9.0,90703.0,0.148
3660,9.0,191954.0,0.147
3661,9.0,402690.0,0.147
3662,9.0,338427.0,0.147
3663,9.0,164855.0,0.147
3664,9.0,275053.0,0.146
3665,9.0,402686.0,0.146
3666,9.0,116966.0,0.146
3667,9.0,116969.0,0.146
3668,9.0,294749.0,0.141
3669,9.0,420938.0,0.14
3670,9.0,32333.0,0.14
3671,9.0,182003.0,0.14
3672,9.0,115626.0,0.14
3673,9.0,183235.0,0.14
3674,9.0,30847.0,0.14
3675,9.0,338433.0,0.139
3676,9.0,100704.0,0.139
3677,9.0,352320.0,0.138
3678,9.0,352312.0,0.138
3679,9.0,136105.0,0.134
3680,9.0,137481.0,0.132
3681,9.0,32319.0,0.132
3682,9.0,283771.0,0.132
3683,9.0,43267.0,0.132
3684,9.0,217641.0,0.132
3685,9.0,217717.0,0.132
3686,9.0,427354.0,0.132
3687,9.0,89765.0,0.132
3688,9.0,32300.0,0.132
3689,9.0,216479.0,0.131
3690,9.0,373028.0,0.131
3691,9.0,388075.0,0.131
3692,9.0,43234.0,0.131
3693,9.0,56449.0,0.131
3694,9.0,127408.0,0.13
3695,9.0,136119.0,0.125
3696,9.0,79655.0,0.125
3697,9.0,90714.0,0.125
3698,9.0,64467.0,0.125
3699,9.0,231327.0,0.125
3700,9.0,408415.0,0.124
3701,9.0,293439.0,0.124
3702,9.0,342267.0,0.124
3703,9.0,67292.0,0.124
3704,9.0,217675.0,0.124
3705,9.0,183672.0,0.124
3706,9.0,357353.0,0.123
3707,9.0,65100.0,0.117
3708,9.0,355955.0,0.117
3709,9.0,130225.0,0.117
3710,9.0,89761.0,0.117
3711,9.0,406131.0,0.117
3712,9.0,153589.0,0.116
3713,9.0,217635.0,0.116
3714,9.0,180424.0,0.116
3715,9.0,171629.0,0.116
3716,9.0,45254.0,0.116
3717,9.0,171631.0,0.116
3718,9.0,364529.0,0.116
3719,9.0,175290.0,0.116
3720,9.0,100703.0,0.115
3721,9.0,368098.0,0.11
3722,9.0,231288.0,0.109
3723,9.0,231291.0,0.109
3724,9.0,214728.0,0.109
3725,9.0,153578.0,0.109
3726,9.0,125757.0,0.109
3727,9.0,419596.0,0.108
3728,9.0,97156.0,0.108
3729,9.0,97136.0,0.108
3730,9.0,167568.0,0.108
3731,9.0,137128.0,0.108
3732,9.0,275036.0,0.108
3733,9.0,334577.0,0.108
3734,9.0,37313.0,0.108
3735,9.0,97127.0,0.108
3736,9.0,339224.0,0.108
3737,9.0,287733.0,0.107
3738,9.0,137212.0,0.101
3739,9.0,195422.0,0.101
3740,9.0,136158.0,0.101
3741,9.0,106078.0,0.101
3742,9.0,304414.0,0.101
3743,9.0,43908.0,0.101
3744,9.0,216501.0,0.1
3745,9.0,136209.0,0.1
3746,9.0,202212.0,0.1
3747,9.0,202209.0,0.1
3748,9.0,97181.0,0.1
3749,9.0,243877.0,0.0947
3750,9.0,234766.0,0.0939
3751,9.0,287077.0,0.0935
3752,9.0,363062.0,0.0934
3753,9.0,102469.0,0.0928
3754,9.0,214792.0,0.0928
3755,9.0,429891.0,0.0928
3756,9.0,436778.0,0.0923
3757,9.0,436510.0,0.0871
3758,9.0,305703.0,0.0863
3759,9.0,136492.0,0.0863
3760,9.0,375323.0,0.0863
3761,9.0,49284.0,0.0863
3762,9.0,97268.0,0.0863
3763,9.0,243888.0,0.0863
3764,9.0,65111.0,0.0863
3765,9.0,282724.0,0.0859
3766,9.0,137964.0,0.0859
3767,9.0,125938.0,0.0858
3768,9.0,75967.0,0.0858
3769,9.0,411972.0,0.0858
3770,9.0,406201.0,0.0858
3771,9.0,39037.0,0.0854
3772,9.0,139632.0,0.0848
3773,9.0,51399.0,0.0843
3774,9.0,295768.0,0.0843
3775,9.0,125934.0,0.0782
3776,9.0,406173.0,0.0782
3777,9.0,80073.0,0.0782
3778,9.0,166005.0,0.0782
3779,9.0,294588.0,0.0782
3780,9.0,229213.0,0.0782
3781,9.0,226540.0,0.0778
3782,9.0,166419.0,0.0775
3783,9.0,157362.0,0.0768
3784,9.0,280127.0,0.0705
3785,9.0,280126.0,0.0705
3786,9.0,318055.0,0.0702
3787,9.0,355831.0,0.0702
3788,9.0,355822.0,0.0702
3789,9.0,75935.0,0.0702
3790,9.0,97221.0,0.0702
3791,9.0,419525.0,0.0699
3792,9.0,157354.0,0.0689
3793,9.0,241009.0,0.0684
3794,9.0,305640.0,0.0629
3795,9.0,80092.0,0.0629
3796,9.0,106027.0,0.0626
3797,9.0,125791.0,0.0623
3798,9.0,165914.0,0.0623
3799,9.0,51633.0,0.0619
3800,9.0,80352.0,0.055
3801,9.0,214740.0,0.0546
3802,9.0,125839.0,0.0546
3803,9.0,98459.0,0.0546
3804,9.0,295806.0,0.0543
3805,9.0,270679.0,0.0543
3806,9.0,255974.0,0.0543
3807,9.0,105763.0,0.0536
3808,9.0,295813.0,0.0466
3809,9.0,256165.0,0.0463
3810,9.0,237935.0,0.046
3811,9.0,362973.0,0.046
3812,9.0,139600.0,0.046
3813,9.0,137183.0,0.0394
3814,9.0,259943.0,0.0384
3815,9.0,51569.0,0.0384
3816,9.0,140547.0,0.0314
3817,9.0,245900.0,0.0311
3818,9.0,237974.0,0.0311
3819,9.0,163235.0,0.0235
3820,9.0,163054.0,0.0231
3821,9.0,163082.0,0.0231
3822,9.0,264975.0,0.0155
3823,9.0,105792.0,0.0155
