site,origin,train
2939.0000,0.6440,0.9614
3176.0000,0.0463,0.0000
3227.0000,0.4100,0.0000
3254.0000,0.4650,0.5827
3377.0000,0.2250,0.5899
3385.0000,0.2250,0.5902
3529.0000,0.5280,0.3935
3594.0000,0.1470,0.4039
3704.0000,0.0939,0.3216
3867.0000,0.4350,0.5761
3973.0000,0.4410,0.5418
4229.0000,0.9130,1.0742
4376.0000,1.3940,0.8883
4826.0000,0.7180,0.5971
4827.0000,0.7410,0.7424
4874.0000,0.8490,1.1449
4883.0000,0.8730,1.1598
5163.0000,0.6610,0.8946
5172.0000,0.6760,1.0662
5279.0000,0.3890,0.4657
5289.0000,0.4190,0.5514
5436.0000,0.3600,0.6167
5495.0000,0.3520,0.4871
5513.0000,0.2900,0.4664
5621.0000,0.2110,0.4911
5628.0000,0.2110,0.5114
5797.0000,0.4810,0.5338
5896.0000,0.4680,0.6714
5931.0000,0.2730,0.3490
6027.0000,0.2180,0.1832
6032.0000,0.2250,0.0269
6046.0000,0.2340,0.0000
6102.0000,0.2490,0.4180
6126.0000,0.3030,0.4493
6223.0000,0.4820,0.5251
6297.0000,0.2170,0.3698
6318.0000,0.1400,0.2625
6465.0000,0.6120,1.1288
6560.0000,0.1440,0.1744
6665.0000,0.1070,0.0000
6849.0000,0.2100,0.4054
6985.0000,0.0859,0.0000
7093.0000,0.0689,0.0000
7125.0000,0.0699,0.0000
7132.0000,0.0699,0.0000
7134.0000,0.0699,0.0000
7159.0000,0.1160,0.0000
7192.0000,0.1720,0.0000
7289.0000,0.9650,0.6443
7308.0000,0.9410,0.9012
7445.0000,0.6020,0.8439
7447.0000,0.6180,0.7326
7674.0000,1.1350,1.0951
7755.0000,0.7590,0.7710
7804.0000,0.6650,0.7909
8127.0000,1.5180,1.7908
8202.0000,1.2780,1.2791
8341.0000,0.9440,1.2565
8714.0000,0.6740,0.9042
8755.0000,0.7750,1.0562
8812.0000,0.6270,0.8056
8884.0000,0.5730,0.8705
8923.0000,0.5260,1.0214
9002.0000,0.3620,0.5193
9042.0000,0.1230,0.0000
9092.0000,0.3240,0.0000
9105.0000,0.3240,0.3803
9219.0000,0.2090,0.1451
9271.0000,0.1480,0.4542
9363.0000,1.9820,1.5551
9483.0000,1.0630,0.9534
9514.0000,0.7330,1.0187
9667.0000,0.5160,0.5938
9825.0000,0.2250,0.1645
9876.0000,0.2100,0.2174
9889.0000,0.2320,0.3741
9999.0000,0.3720,0.8495
10041.0000,0.3100,0.4406
10373.0000,0.1300,0.0000
10720.0000,0.4130,0.5752
10785.0000,0.5910,0.6689
11062.0000,0.1860,0.1608
11188.0000,0.0854,0.0000
11299.0000,0.1530,0.0184
11377.0000,0.1700,0.1678
11473.0000,0.1390,0.0000
28196.0000,0.1390,0.0000
28268.0000,0.2330,0.2574
28538.0000,0.2650,0.7607
28635.0000,0.2020,0.0381
28871.0000,0.8100,1.0585
29083.0000,0.3600,0.3284
29288.0000,0.5300,0.5025
29307.0000,0.7170,0.6496
29380.0000,0.6870,1.2754
29471.0000,0.2260,0.4731
29823.0000,0.2730,0.2831
29825.0000,0.2730,0.0000
29936.0000,0.5610,0.6580
30057.0000,0.0928,0.0000
30166.0000,0.5610,0.5355
30273.0000,0.6450,0.6042
30309.0000,0.5970,0.5101
30386.0000,0.7230,0.9683
30403.0000,0.8780,1.5151
30418.0000,0.9670,1.2459
30464.0000,1.1780,1.6970
30496.0000,1.8530,1.4870
30528.0000,1.8840,1.4477
30644.0000,0.4210,0.8593
30807.0000,0.3290,0.4921
30856.0000,0.2110,0.4584
30905.0000,0.1640,0.0000
31024.0000,0.0390,0.0000
31286.0000,0.4250,0.5744
31635.0000,0.2270,0.8286
31656.0000,0.2890,0.6947
31843.0000,0.9920,1.2185
31902.0000,1.1180,1.9651
32417.0000,1.3360,1.5917
32477.0000,3.3360,3.2591
32507.0000,3.5220,3.3370
32519.0000,3.4290,3.2535
32826.0000,1.1020,1.6952
33177.0000,2.0880,2.7614
33247.0000,1.3650,1.6631
33361.0000,0.3580,0.7157
33448.0000,0.4280,0.4749
33541.0000,1.8410,2.2819
33558.0000,2.1220,1.9686
33634.0000,1.7860,2.2865
33644.0000,1.6040,1.8591
33761.0000,1.6630,1.6195
33893.0000,1.6720,1.7503
33910.0000,1.6000,1.5262
33941.0000,2.0270,1.9556
33994.0000,2.0600,1.8378
34025.0000,1.8390,2.3272
34028.0000,1.8390,2.6988
34074.0000,1.6610,2.1363
34577.0000,0.7360,1.3771
34583.0000,0.7660,1.1116
34808.0000,0.5390,0.6646
34875.0000,0.9300,1.1632
34974.0000,0.6090,0.7439
35028.0000,0.3210,0.5347
35042.0000,0.2890,0.7540
35105.0000,0.1240,0.0000
35195.0000,0.2650,0.3381
35197.0000,0.3040,0.5394
35349.0000,2.0180,1.5428
35444.0000,1.2960,2.4906
35508.0000,1.3720,1.6736
35571.0000,1.3960,2.6549
35588.0000,1.3510,2.5998
35758.0000,0.9210,1.0982
35835.0000,1.5470,1.2506
35990.0000,1.2170,1.6202
36118.0000,1.5680,1.4004
36199.0000,1.2170,1.4012
36223.0000,1.2470,1.3639
36329.0000,0.3640,0.6142
36384.0000,0.0935,0.0000
36386.0000,0.0935,0.0000
36473.0000,0.1090,0.0000
36511.0000,0.2110,0.0000
36739.0000,0.3880,0.5782
36997.0000,0.5630,0.8158
37137.0000,0.4890,0.8400
37176.0000,0.2960,0.7678
37332.0000,0.0463,0.0000
37457.0000,0.7390,0.7050
37627.0000,1.0850,1.6795
37737.0000,2.8100,2.5259
37767.0000,2.2940,1.5312
37777.0000,2.2620,1.5359
37789.0000,2.2460,1.7697
38113.0000,0.6600,0.7657
38121.0000,0.6580,0.7841
38169.0000,1.2430,0.9750
38375.0000,1.1430,1.4237
38525.0000,0.9180,1.9691
38639.0000,1.1210,1.1571
38710.0000,0.8270,0.9890
38741.0000,0.8400,1.4453
38886.0000,1.2280,1.6055
39203.0000,0.8190,1.1907
39542.0000,0.6610,0.9115
39599.0000,0.6310,1.4352
39753.0000,0.8800,1.1170
39774.0000,0.9030,0.9858
39794.0000,0.9100,0.7843
39819.0000,0.8700,0.7313
39853.0000,0.4350,0.6136
39974.0000,0.1950,0.2984
40035.0000,0.3440,0.6227
40095.0000,0.5230,0.7458
40293.0000,1.7520,1.2608
40723.0000,1.2030,1.6488
40746.0000,1.2180,1.3011
40794.0000,1.1240,1.4818
40796.0000,1.1080,1.6521
40819.0000,1.3640,1.1444
40837.0000,1.5070,1.2479
40920.0000,1.3510,1.0139
41136.0000,1.2770,1.8890
41296.0000,1.1450,1.1854
41384.0000,1.7760,1.7390
41407.0000,1.7310,1.9511
41459.0000,1.5200,1.5148
41567.0000,1.2120,1.3983
42286.0000,1.2930,1.9376
42458.0000,1.9460,1.6606
42533.0000,1.2120,0.9846
42720.0000,0.1940,0.5117
43100.0000,1.1350,1.2141
43505.0000,1.9770,1.5833
43659.0000,0.5380,1.1446
43771.0000,0.8720,0.7027
43830.0000,0.9560,0.9510
43856.0000,1.1050,1.3462
43946.0000,1.8380,1.9945
44053.0000,1.7960,2.4249
44160.0000,0.8990,1.1213
44164.0000,0.9620,1.1876
44220.0000,1.8050,1.8781
44264.0000,1.6390,1.6497
44443.0000,3.3110,3.3110
44447.0000,3.3030,3.2299
44730.0000,1.6060,1.4571
44894.0000,0.8240,1.5652
44975.0000,1.1380,1.1021
45058.0000,0.9440,0.8210
45067.0000,0.9120,0.7912
45270.0000,0.5140,0.5519
45416.0000,1.2370,1.2663
45538.0000,0.2480,0.6558
45596.0000,0.0543,0.0000
45763.0000,0.3020,0.2732
45827.0000,0.3110,0.4096
45863.0000,0.4650,0.5942
46089.0000,0.8500,0.8545
46117.0000,1.0860,1.2911
46431.0000,1.4410,2.4536
46547.0000,2.1440,1.9809
46550.0000,2.1300,2.1433
46767.0000,1.2970,1.6605
46851.0000,0.9230,1.1062
46868.0000,0.8350,1.2299
47013.0000,0.2960,0.5475
47160.0000,0.8860,1.0245
47244.0000,0.8810,1.0563
47292.0000,0.8330,0.6985
47589.0000,0.4850,0.5758
47649.0000,1.6190,1.1313
47674.0000,1.8750,1.8330
47744.0000,1.5680,1.4621
47794.0000,0.6700,0.9191
47920.0000,0.5220,1.0332
47973.0000,1.5160,1.6137
48002.0000,2.5440,2.4892
48099.0000,2.2880,2.3934
48106.0000,2.2010,2.7730
48244.0000,0.2420,0.6084
48256.0000,0.2340,0.4577
48322.0000,0.4150,0.2967
48376.0000,0.5080,0.8490
48865.0000,1.0060,1.1851
48941.0000,0.8850,0.9085
48959.0000,0.8950,1.3024
49014.0000,1.3380,1.4575
49168.0000,0.3040,0.2935
49207.0000,0.2560,0.3643
49282.0000,1.0040,1.5523
49303.0000,1.0260,1.5262
49449.0000,0.2250,0.2366
49454.0000,0.2170,0.8341
49506.0000,0.2640,0.7601
49614.0000,0.2100,0.4544
49615.0000,0.2100,0.3557
49799.0000,0.5960,0.6789
49883.0000,0.1930,0.5302
49893.0000,0.2000,0.5076
50173.0000,0.5290,0.8396
50259.0000,1.0590,1.0130
50312.0000,1.0760,0.9470
50333.0000,1.0040,1.1071
50358.0000,0.3480,1.2810
50369.0000,0.3970,1.6358
50645.0000,0.2490,0.5760
50736.0000,0.2180,0.5432
50793.0000,0.4750,0.3470
50811.0000,0.4750,0.3717
51145.0000,1.3720,0.8369
51222.0000,1.1590,1.1879
51369.0000,1.2680,1.0962
51414.0000,1.2520,1.2762
51812.0000,0.1400,0.0000
51971.0000,1.1340,1.5715
52035.0000,0.9160,1.2636
52240.0000,0.9830,1.0265
52262.0000,0.5780,0.7512
52338.0000,0.7130,1.0900
52378.0000,0.7190,0.9202
52781.0000,0.0782,0.0000
52823.0000,0.2930,0.4035
52951.0000,0.6900,1.0815
53079.0000,1.2440,1.6025
53097.0000,1.2300,1.4926
53188.0000,0.9160,0.8465
53771.0000,0.6220,0.6385
53850.0000,0.7310,1.0462
53861.0000,0.8470,1.3401
53892.0000,1.0110,1.0201
53905.0000,1.0340,1.0353
53960.0000,0.9720,1.2764
54033.0000,0.4600,0.7786
54161.0000,0.4070,0.5677
54445.0000,0.7930,1.2088
54530.0000,1.2450,1.4686
54565.0000,1.8380,1.3206
54715.0000,1.1340,1.1817
54718.0000,1.0960,1.1999
54952.0000,0.0854,0.5086
54956.0000,0.0854,0.3582
54985.0000,0.3110,0.4391
55419.0000,0.0629,0.4205
55501.0000,0.1640,0.0000
55611.0000,0.3440,0.3339
55643.0000,0.2570,0.2939
55683.0000,0.1950,0.0000
55801.0000,0.1700,0.5251
56002.0000,0.6440,0.5527
56255.0000,0.3970,0.6186
56280.0000,0.5880,0.6786
56338.0000,0.8280,1.0133
56341.0000,0.8440,0.9368
56420.0000,0.5810,0.8071
56461.0000,0.4890,0.6909
56558.0000,0.7440,0.9962
56572.0000,0.7520,0.7218
56659.0000,1.0890,0.9820
56758.0000,2.1730,2.3884
56793.0000,2.6720,2.4968
56822.0000,1.5580,2.2794
56917.0000,0.2490,0.2531
56923.0000,0.2020,0.0075
56928.0000,0.1790,0.2113
56970.0000,0.6080,0.0000
56996.0000,1.0040,0.3966
57113.0000,1.1460,1.3010
57196.0000,1.3040,1.7358
57334.0000,1.9750,1.9715
57713.0000,1.1200,1.4092
57734.0000,1.1590,1.6552
57784.0000,1.4150,1.6416
57796.0000,1.3760,1.7054
57816.0000,1.3290,2.1580
58052.0000,1.1560,1.4803
58358.0000,1.2740,1.2449
58466.0000,1.2030,1.7654
58536.0000,0.7530,0.9145
58537.0000,0.7530,0.8717
58728.0000,2.1380,2.4887
58902.0000,1.2000,1.4920
58926.0000,1.0910,1.2113
58968.0000,0.9990,1.2178
59010.0000,0.8730,0.9296
59085.0000,2.7960,2.7827
59102.0000,3.0140,2.8840
59122.0000,3.1690,3.0671
59189.0000,3.0470,3.0050
59229.0000,1.2260,1.7143
59281.0000,0.7500,1.0013
59326.0000,1.0670,1.2066
59411.0000,1.7410,1.2697
59434.0000,1.7570,1.6994
59577.0000,1.7260,1.5040
59691.0000,2.2060,2.4825
59714.0000,1.9890,2.2509
59794.0000,0.9570,1.8517
60335.0000,1.3360,1.2892
60396.0000,1.7690,1.5334
60493.0000,1.2670,1.1843
60525.0000,1.0500,1.5205
60526.0000,1.0500,1.5262
60673.0000,1.6680,1.7273
60728.0000,2.9720,2.8069
60818.0000,2.4430,2.4504
60831.0000,2.2810,1.6952
60968.0000,2.5410,2.3749
61002.0000,2.9520,2.7825
61054.0000,2.6190,2.7139
61119.0000,1.0240,0.9981
61158.0000,0.5140,0.6897
61185.0000,0.3040,0.7540
61220.0000,2.5890,1.3366
61228.0000,2.6360,2.2953
61326.0000,3.0400,2.9734
61333.0000,3.0480,2.9051
61476.0000,1.8060,2.6162
61509.0000,1.8400,2.3818
61579.0000,1.5110,1.6388
61586.0000,1.3880,1.7896
61663.0000,2.1590,2.0831
61773.0000,2.2900,2.6304
62031.0000,0.7100,0.8509
62038.0000,0.6700,0.9856
62086.0000,1.2310,1.3537
62128.0000,1.6520,1.6642
62165.0000,1.6850,1.5262
62316.0000,1.6340,1.6040
62424.0000,0.8680,1.7008
62503.0000,1.5170,1.8753
62518.0000,1.4630,1.9013
62621.0000,0.1620,0.4203
62652.0000,0.3170,0.2245
62925.0000,0.9820,1.1651
62942.0000,1.2480,1.1467
63264.0000,1.2940,1.5595
63333.0000,1.7540,1.8697
63709.0000,0.5360,0.5656
63710.0000,0.5360,0.5915
63840.0000,0.4440,0.7790
63926.0000,0.3740,0.4649
64147.0000,0.6540,1.0120
64259.0000,0.2480,0.1956
64268.0000,0.2550,0.4195
64305.0000,0.3090,0.5194
64319.0000,0.2780,0.5647
64357.0000,0.2630,0.4129
64414.0000,0.4280,0.5344
64418.0000,0.4220,0.4829
64580.0000,1.9730,1.3675
64703.0000,0.7870,0.8027
64881.0000,0.9590,1.4773
65006.0000,1.5970,1.4795
65021.0000,1.4350,1.2392
65163.0000,0.2880,0.2675
65249.0000,0.3440,0.4033
65406.0000,0.2100,0.0000
65543.0000,0.2250,0.4410
65644.0000,0.0314,0.0000
65663.0000,0.0474,0.0000
65703.0000,0.0394,0.0000
65753.0000,0.1410,0.0000
65813.0000,0.3450,0.3637
65844.0000,0.3750,0.6619
65865.0000,0.3750,1.1102
66118.0000,1.4630,1.5039
66255.0000,1.4490,1.3990
66275.0000,1.3760,1.5718
66366.0000,0.7220,1.0768
66495.0000,0.1870,0.2398
66535.0000,0.1870,0.4562
66651.0000,0.5000,0.7821
66688.0000,0.5630,0.9771
66825.0000,1.4820,1.5535
66992.0000,0.4700,0.8102
67173.0000,0.9140,1.6452
67186.0000,0.8990,1.3553
67235.0000,1.0830,1.2524
67332.0000,1.2960,1.0764
67380.0000,1.9910,1.5280
67565.0000,1.0370,0.8407
67570.0000,1.0130,1.1001
67591.0000,1.0290,0.9901
67650.0000,0.9130,1.3710
67714.0000,0.6850,0.7605
67990.0000,0.1780,0.2936
68103.0000,0.1310,0.0000
68193.0000,0.7010,0.7184
68280.0000,1.7670,2.0090
68335.0000,1.5790,2.3297
68376.0000,1.2830,1.3515
68484.0000,1.1900,1.3323
68487.0000,1.2050,1.6705
68534.0000,1.2830,1.5573
68567.0000,1.2060,1.6932
68635.0000,0.3040,0.4513
68804.0000,1.8690,1.6801
68863.0000,1.4540,1.1961
68865.0000,1.4320,1.4586
68971.0000,1.4900,1.6123
69003.0000,1.4590,2.4671
69080.0000,1.3020,1.6905
69220.0000,2.3230,2.0073
69223.0000,2.2840,2.2214
69282.0000,1.7480,2.1651
69312.0000,1.2380,1.7592
69508.0000,0.9970,1.7882
69614.0000,0.5250,0.5669
69666.0000,0.1620,0.0000
69711.0000,0.0848,0.0000
69832.0000,0.0854,0.0000
69869.0000,0.5670,0.5544
69921.0000,1.1600,1.5335
70178.0000,0.5670,0.6847
70245.0000,0.6560,0.6203
70357.0000,0.3300,0.4006
70428.0000,0.2040,0.0000
70679.0000,0.7110,1.0559
70784.0000,0.4680,0.6842
70828.0000,0.1310,0.0000
71022.0000,0.0235,0.4203
71087.0000,0.0463,0.0000
71106.0000,0.0775,0.0000
71107.0000,0.0848,0.0000
71109.0000,0.0928,0.0000
71170.0000,0.5500,0.6177
71176.0000,0.5810,0.8962
71268.0000,0.9040,1.5733
71410.0000,0.9340,0.7729
71601.0000,0.0553,0.0000
71652.0000,0.0394,0.0000
71720.0000,0.2790,0.0576
71795.0000,1.0790,0.8366
71906.0000,1.4300,2.1615
71933.0000,1.5330,1.8237
71957.0000,1.9000,1.7435
71999.0000,2.3910,2.4401
72343.0000,1.0450,1.5558
72524.0000,1.6020,1.4125
72721.0000,2.6780,2.8540
72817.0000,3.4260,3.4649
73140.0000,1.7760,1.5783
73244.0000,0.7940,1.1665
73333.0000,0.0390,0.0000
73459.0000,0.2100,0.0000
73525.0000,0.3970,0.7510
73663.0000,0.1240,0.5538
73705.0000,0.1400,0.8654
73733.0000,0.1640,0.9058
73844.0000,0.5810,0.6178
73861.0000,0.5650,0.6502
73894.0000,0.5190,0.6940
74229.0000,1.2510,1.3576
74409.0000,1.1670,1.6307
74430.0000,1.2990,1.5450
74432.0000,1.3140,2.0624
74476.0000,1.6960,1.5954
74493.0000,1.6330,1.1789
74745.0000,1.1730,1.2699
74748.0000,1.1730,1.5155
74800.0000,0.9470,0.9794
74823.0000,0.7980,0.7078
74995.0000,0.0155,0.0000
75028.0000,0.1070,0.0000
75080.0000,0.9480,0.6845
75083.0000,0.9560,0.8521
75120.0000,1.0740,1.1172
75140.0000,1.2370,1.0674
75312.0000,1.0680,1.5841
75498.0000,1.3910,1.7875
75691.0000,1.7200,1.5222
75803.0000,1.5260,1.5283
76197.0000,1.2670,1.8733
76224.0000,1.2110,1.5396
76252.0000,0.7890,1.0274
76262.0000,0.7330,0.9983
76325.0000,0.4460,0.5833
76477.0000,1.1840,1.1176
76593.0000,1.3110,1.5158
76655.0000,0.6230,0.7504
76717.0000,0.6290,0.4759
76777.0000,0.7060,0.6602
76865.0000,0.8080,0.8259
76905.0000,0.7840,1.3291
77092.0000,0.5350,0.7249
77161.0000,0.4960,0.7116
77288.0000,1.3960,1.1850
77715.0000,0.6620,1.2104
77876.0000,0.7000,0.8647
77903.0000,0.7920,0.9844
78060.0000,0.5200,0.8565
78319.0000,0.9140,0.8382
78405.0000,2.0070,2.1892
78480.0000,2.1060,1.6769
78749.0000,0.8250,1.1588
78922.0000,0.9990,0.7675
78944.0000,0.4110,0.8285
79042.0000,1.1550,0.9359
79144.0000,1.5400,1.0670
79215.0000,1.0390,1.3298
79260.0000,1.3400,2.6773
79291.0000,1.2870,2.3212
79397.0000,0.7170,1.6788
79435.0000,0.6390,1.6173
79510.0000,0.2650,0.0307
79613.0000,0.2330,0.5183
79660.0000,1.0250,0.5456
80062.0000,0.6260,0.9264
80075.0000,0.6500,0.9402
80109.0000,0.9260,0.8835
80453.0000,1.3930,1.3111
80491.0000,1.3630,1.3617
80571.0000,1.0140,0.9732
80744.0000,0.8660,0.7862
80747.0000,0.8660,0.9434
80946.0000,2.0510,2.8775
80954.0000,2.0660,2.7782
81245.0000,0.9910,0.9704
81288.0000,0.8540,0.9739
81483.0000,0.5270,1.1342
81726.0000,0.8910,0.9895
81747.0000,0.8610,0.8576
81815.0000,0.7270,0.9980
81907.0000,0.4200,0.6254
81996.0000,0.6060,1.0612
82144.0000,1.5380,2.3421
82341.0000,0.8910,1.5662
82409.0000,0.3800,0.7705
82432.0000,0.3010,0.3242
82536.0000,1.2840,0.8984
82685.0000,0.1770,0.0000
82757.0000,0.7640,0.7348
82982.0000,1.6400,1.3418
83181.0000,0.1780,0.0000
83255.0000,0.1480,0.0000
83287.0000,0.4340,0.4578
83379.0000,1.7420,1.6614
83403.0000,1.8690,1.6744
83528.0000,1.1670,1.5262
83601.0000,1.3950,1.3398
83623.0000,1.3190,1.0722
83707.0000,0.9960,1.2013
83941.0000,1.1980,1.0700
84150.0000,1.8380,1.6790
84174.0000,1.4120,1.8736
84178.0000,1.4120,1.8291
84316.0000,1.0400,1.0291
84330.0000,0.9550,0.9905
84428.0000,1.5270,1.4094
84460.0000,1.5090,1.4069
84690.0000,0.0609,0.0000
85208.0000,0.9960,1.3227
85319.0000,0.8670,1.0641
85407.0000,0.8290,0.9159
85423.0000,0.7740,0.9879
85456.0000,0.5620,0.7543
85767.0000,0.1850,0.3455
85956.0000,0.5400,0.7555
86061.0000,0.5630,0.8408
86257.0000,0.6230,0.9460
86322.0000,0.6300,0.7864
86367.0000,0.6920,0.9465
86372.0000,0.6920,0.8981
86397.0000,0.8010,0.8438
86540.0000,0.2650,0.4660
86566.0000,0.3360,0.5572
86663.0000,0.9750,1.2403
86681.0000,1.1590,1.2750
86737.0000,0.9640,0.8612
86843.0000,0.7620,1.1398
86898.0000,0.7940,0.8225
87072.0000,0.6430,0.4907
87122.0000,0.8290,0.9757
87177.0000,0.7610,0.6741
87396.0000,1.4250,1.4584
87576.0000,1.4840,1.3502
87718.0000,0.6500,0.9332
87799.0000,0.3010,0.1171
87848.0000,0.3160,0.3772
87966.0000,0.7250,1.0582
88019.0000,0.5670,0.9109
88219.0000,0.8700,1.0912
88495.0000,0.2310,0.3095
88691.0000,0.5750,0.6149
88745.0000,0.7840,0.9009
88878.0000,1.0810,1.2855
89158.0000,0.4510,0.8306
89236.0000,0.3880,0.5336
89290.0000,0.4510,0.6363
89322.0000,0.5750,0.7609
89641.0000,0.3100,0.6505
89667.0000,0.4260,0.5603
89757.0000,0.6360,1.1876
89853.0000,0.6150,1.3889
89867.0000,0.5280,0.9857
90043.0000,0.6180,0.6445
90180.0000,1.0780,1.2149
90255.0000,0.7230,0.6030
90279.0000,0.4670,0.4237
90292.0000,0.3340,0.3127
90408.0000,0.3190,0.5118
90438.0000,0.6000,0.7047
90449.0000,0.6550,0.6129
90709.0000,0.6600,0.7340
90789.0000,0.4860,0.9398
90901.0000,0.4380,0.5496
90909.0000,0.4370,0.4590
91023.0000,0.6830,0.9758
91071.0000,0.4270,0.6753
91073.0000,0.4270,0.5047
91128.0000,0.5690,0.6443
91144.0000,0.6540,0.6947
91269.0000,0.9160,0.8474
91273.0000,0.8330,0.7699
91323.0000,1.2310,1.3972
91483.0000,0.1570,0.5273
91541.0000,0.4890,0.5447
91709.0000,0.5600,1.0429
91767.0000,2.2460,2.2089
91772.0000,2.2860,2.1667
91859.0000,2.4730,2.1727
91889.0000,2.1660,1.7576
91981.0000,0.5750,0.5924
92063.0000,1.4040,1.5342
92172.0000,1.0590,1.1009
92279.0000,0.5120,0.2665
92285.0000,0.4420,0.2281
92308.0000,0.1710,0.0000
92327.0000,0.0702,0.0000
92531.0000,0.2640,0.5154
92562.0000,0.1640,0.1826
92646.0000,0.1630,0.0000
92789.0000,0.2720,0.3531
92900.0000,1.8960,1.3288
93009.0000,1.9080,1.9602
93191.0000,1.1710,2.1726
93283.0000,1.7840,1.7945
93307.0000,1.7370,1.5262
93492.0000,1.0150,1.5189
93579.0000,1.1970,1.3243
93590.0000,1.1960,1.3486
93667.0000,1.1630,1.6188
93862.0000,1.2260,1.8731
93876.0000,0.7630,1.4760
94073.0000,0.7130,0.7403
94166.0000,0.6970,0.6482
94256.0000,0.3700,0.6056
94398.0000,0.2250,0.5251
94605.0000,0.4440,0.4099
94784.0000,0.8860,0.8530
95020.0000,0.8870,1.4604
95021.0000,0.8640,1.2024
95034.0000,0.8100,1.4159
95080.0000,1.0190,1.5262
95103.0000,1.2430,1.4224
95322.0000,0.3400,0.8103
95381.0000,0.5970,0.9247
95474.0000,0.4960,1.0742
95735.0000,0.5680,0.7728
95740.0000,0.6290,0.8165
95863.0000,0.8970,0.7351
96015.0000,0.4290,0.4636
96098.0000,0.6240,0.8480
96184.0000,0.4660,0.7045
96205.0000,0.6320,0.7550
96257.0000,1.4480,1.1671
96300.0000,1.4870,1.4754
96434.0000,0.7380,0.7324
96477.0000,0.7070,0.9300
96528.0000,0.8260,0.9854
96625.0000,0.6010,0.6698
96674.0000,0.1630,0.4664
96818.0000,1.7930,1.9684
96890.0000,1.7520,1.9913
96930.0000,1.2860,1.2847
96947.0000,1.1780,1.4028
96976.0000,1.1880,1.1459
97079.0000,0.7870,1.2265
97121.0000,0.7940,1.0510
97201.0000,0.6540,1.3793
97206.0000,0.6080,1.1734
97230.0000,0.5460,1.2945
97378.0000,0.5830,1.1834
97561.0000,0.5440,0.7411
97565.0000,0.5370,0.6199
97649.0000,0.4840,0.5642
97734.0000,0.6620,1.1875
97758.0000,0.7920,1.3342
97865.0000,0.5180,0.6434
97915.0000,0.2950,0.6000
98373.0000,0.3240,0.5023
98550.0000,0.7150,0.7419
98596.0000,0.3900,0.8042
98633.0000,0.3750,0.7288
98673.0000,0.4440,0.5934
98855.0000,0.4820,0.6411
99024.0000,0.7290,0.7611
99062.0000,1.0600,0.7114
99189.0000,1.1290,1.0505
99210.0000,0.5760,0.9632
99228.0000,0.4970,0.8238
99238.0000,0.4040,0.6736
99243.0000,0.4430,0.5121
99307.0000,0.7890,0.9283
99353.0000,1.6160,1.1382
99380.0000,1.6860,1.6519
99509.0000,1.4640,1.2290
99533.0000,1.5030,1.1894
99703.0000,0.9610,1.0039
99995.0000,0.3580,0.1475
100239.0000,1.1800,1.2632
100595.0000,0.6610,0.8769
100598.0000,0.6530,0.9967
100844.0000,0.8620,0.9722
100874.0000,1.1650,1.0007
100898.0000,1.2840,1.2238
100994.0000,1.7220,2.1172
101082.0000,0.7710,1.3966
101098.0000,0.7330,1.2795
101471.0000,0.0550,0.0000
101613.0000,0.8370,0.7990
101619.0000,0.8450,1.0529
101665.0000,0.5970,0.7215
101671.0000,0.5510,0.7629
101778.0000,0.7080,0.7836
101849.0000,0.7670,1.5203
101922.0000,0.4320,0.7098
102007.0000,0.8750,0.7539
102289.0000,0.4190,0.6329
102351.0000,0.8650,1.3506
102480.0000,0.6310,0.4884
102564.0000,0.3970,0.6257
102579.0000,0.4740,0.7065
102751.0000,0.6000,0.9352
102815.0000,1.0450,1.2047
102846.0000,1.0610,1.4997
102897.0000,0.8270,1.1052
103016.0000,0.4300,0.5298
103468.0000,0.7080,0.8864
103618.0000,0.5910,0.5841
103690.0000,0.2250,0.5554
103829.0000,0.3810,0.5828
103846.0000,0.4360,0.6145
103881.0000,1.1450,1.1588
103897.0000,1.1920,1.2844
104023.0000,0.4040,0.5342
104053.0000,0.4500,0.7849
104110.0000,0.5290,0.7115
104191.0000,1.1920,1.4825
104346.0000,0.4200,0.4927
104353.0000,0.3670,0.5063
104368.0000,0.3520,0.5271
104474.0000,0.3800,1.1646
104610.0000,0.6410,0.5878
104654.0000,0.4940,0.7240
104663.0000,0.4460,0.6608
105157.0000,0.4810,0.5775
105166.0000,0.4660,0.5109
105416.0000,0.2800,0.3552
105587.0000,1.4530,1.3333
105627.0000,1.3110,1.3011
105747.0000,1.3060,1.0844
105781.0000,1.3930,1.8995
105840.0000,1.5080,1.2852
105919.0000,1.0810,1.2286
105958.0000,1.0030,0.8524
106008.0000,0.4830,0.2384
106026.0000,0.2250,0.0000
106094.0000,0.3500,0.5289
106179.0000,0.3260,0.1898
106238.0000,0.2230,0.3627
106339.0000,0.9350,1.4914
106626.0000,1.7490,1.7787
106955.0000,0.8490,0.6702
107021.0000,1.1600,1.2337
107025.0000,1.1150,1.4432
107211.0000,2.2010,1.7694
107333.0000,1.1540,1.0305
107505.0000,2.5860,2.5618
107640.0000,0.6380,1.0235
107696.0000,0.5910,0.7200
107732.0000,0.7000,0.7620
107741.0000,0.8800,0.6831
107908.0000,1.0060,1.3303
108295.0000,1.2610,1.5927
108384.0000,1.5190,1.6923
108457.0000,1.1120,1.3822
108690.0000,0.3370,0.0000
108734.0000,0.2030,0.0000
108750.0000,0.1250,0.0000
108828.0000,1.3480,1.3038
108953.0000,0.5920,2.1145
108959.0000,0.5530,1.8193
109023.0000,1.5210,2.0520
109084.0000,2.1220,2.2893
109580.0000,1.9170,1.7178
109643.0000,1.3740,1.1504
109878.0000,1.4630,1.5106
109907.0000,1.0910,1.3874
109962.0000,0.8680,1.2528
110060.0000,0.6950,1.4599
110084.0000,0.6940,1.1824
110227.0000,0.1560,0.2496
110301.0000,2.2300,1.5455
110449.0000,0.5460,0.7737
110454.0000,0.4670,1.4340
110582.0000,0.0384,0.0000
110775.0000,0.7310,0.7521
110839.0000,0.9720,1.1885
110903.0000,0.8110,1.1459
110911.0000,1.1770,1.0655
110916.0000,1.5300,1.3774
111298.0000,1.1170,1.8856
111341.0000,1.5970,1.7485
111376.0000,1.5590,1.7361
111435.0000,1.4890,1.7863
111794.0000,1.5130,1.7579
111827.0000,1.8540,2.0889
111829.0000,1.9180,2.6748
111864.0000,3.5270,3.5306
111872.0000,3.5730,3.5223
112037.0000,0.4190,0.8080
112533.0000,2.4200,2.2838
112731.0000,1.2220,2.2903
112901.0000,1.0200,2.3749
113277.0000,2.2830,2.5098
113439.0000,0.5880,1.4862
113462.0000,0.4970,0.7054
113584.0000,1.1450,1.2506
113634.0000,1.4720,1.8379
113690.0000,0.8330,1.5110
114052.0000,1.0310,1.9480
114173.0000,1.1900,1.8894
114300.0000,1.6360,2.0260
114312.0000,1.7480,2.3249
114845.0000,1.2810,2.5917
114873.0000,1.3130,1.6609
115136.0000,1.1510,1.5565
115150.0000,1.1660,1.5140
115290.0000,1.1990,1.6819
115414.0000,0.8120,1.1846
115615.0000,1.7630,1.9994
115662.0000,1.7560,2.4129
115713.0000,1.6010,1.5262
115721.0000,1.6080,1.8723
115757.0000,0.9290,1.3868
115942.0000,1.0420,1.4227
116125.0000,1.3230,1.2868
116251.0000,1.7750,1.4863
116290.0000,1.7230,1.4108
116679.0000,1.0160,0.9740
116721.0000,0.9310,0.9425
116784.0000,0.9450,1.0146
116921.0000,1.4440,1.8083
117557.0000,0.3660,0.4327
117633.0000,1.1430,0.7693
117774.0000,0.4050,0.7069
117936.0000,0.2320,0.3436
118031.0000,0.5210,0.9264
118151.0000,0.5430,0.6919
118172.0000,0.3890,0.2463
118180.0000,0.3020,0.3790
118405.0000,0.0384,0.0000
118612.0000,0.2970,0.3499
118619.0000,0.3590,0.6628
118780.0000,0.8910,0.9751
118834.0000,0.1870,0.0000
119148.0000,0.6360,0.8756
119295.0000,1.3750,1.2131
119312.0000,1.4470,1.2895
119362.0000,1.4360,1.4838
119377.0000,1.3120,1.4070
119419.0000,0.9850,1.2782
119516.0000,1.2130,1.1919
119555.0000,1.1360,1.1522
119924.0000,0.1620,0.6815
119954.0000,0.2560,0.6229
119955.0000,0.2560,0.5602
119957.0000,0.2560,0.6450
120280.0000,0.9560,1.2503
120341.0000,1.0610,1.5855
120495.0000,0.9590,1.0799
120506.0000,1.0220,1.1194
120524.0000,1.0920,1.0371
120569.0000,1.0440,0.9071
120632.0000,0.5370,0.8666
120700.0000,0.9170,0.9443
120702.0000,0.9250,1.0923
120724.0000,1.2220,1.4161
120787.0000,1.4170,1.6997
120864.0000,0.6310,0.9022
121221.0000,0.4890,0.7650
121232.0000,0.4520,0.7345
121286.0000,0.2570,0.3706
121338.0000,0.2110,0.4675
121412.0000,0.2550,0.3610
121459.0000,0.6100,0.6707
121543.0000,0.7610,1.2482
121561.0000,0.7920,1.5847
121630.0000,1.1350,1.4400
121721.0000,0.8300,1.3222
121727.0000,0.8060,1.3715
121785.0000,0.6850,0.7670
121924.0000,0.6940,0.7718
122175.0000,1.0400,1.6208
122190.0000,1.0400,1.3812
122310.0000,0.7730,0.9635
122312.0000,0.7810,0.8828
122546.0000,0.1240,0.0000
122644.0000,0.1230,0.2308
122665.0000,0.1620,0.0000
122848.0000,0.7050,0.7524
122855.0000,0.6350,0.7855
123021.0000,0.9130,1.3364
123330.0000,1.0050,0.8562
123398.0000,1.5330,1.5244
123480.0000,1.3070,1.1961
123638.0000,0.5810,0.6703
123687.0000,0.5040,0.5958
123812.0000,0.6530,0.7396
123867.0000,1.0150,1.1721
123973.0000,0.6840,0.7593
123978.0000,0.6770,0.8447
124061.0000,0.8490,1.0323
124225.0000,0.9330,1.3476
124231.0000,0.9330,1.0189
124242.0000,0.9420,1.0329
124264.0000,0.9260,1.1512
124528.0000,0.0782,0.0000
124609.0000,0.7580,0.4955
124735.0000,0.7840,0.8660
124832.0000,1.0210,1.2467
124856.0000,1.2940,1.7663
124983.0000,1.6110,1.6088
124999.0000,1.4410,1.1431
125082.0000,1.1420,0.9971
125142.0000,1.0390,1.1412
125147.0000,1.0320,1.2913
125416.0000,0.9120,0.6466
125561.0000,0.5700,0.8112
125658.0000,0.1640,0.1280
125661.0000,0.1640,0.2569
125689.0000,0.6540,0.7455
125733.0000,1.1080,1.1298
125943.0000,0.7230,1.1202
126053.0000,0.3260,0.6353
126341.0000,0.6490,0.7878
126457.0000,0.5840,0.6549
126502.0000,1.2610,1.3693
126672.0000,0.6070,1.0766
126739.0000,0.3560,0.5531
126872.0000,0.0235,0.0000
126881.0000,0.0235,0.0000
126936.0000,0.5270,0.4374
126997.0000,0.7700,0.6595
127070.0000,1.1670,1.2213
127076.0000,1.0670,1.1017
127196.0000,1.0250,1.1485
127355.0000,1.8600,1.6760
127500.0000,1.4230,1.0361
127508.0000,1.6060,1.0009
127556.0000,2.0170,1.8491
127589.0000,2.2210,2.6875
127646.0000,1.9660,1.9055
128010.0000,1.0430,1.1694
128014.0000,1.0430,1.2740
128112.0000,0.0783,0.0000
128134.0000,0.0311,0.0000
128228.0000,0.3300,0.0000
128356.0000,0.5110,0.6493
128582.0000,1.6900,1.7386
128646.0000,1.8770,2.1201
128897.0000,1.3800,1.5314
128968.0000,1.7530,2.3457
129252.0000,2.1370,2.1026
129271.0000,2.2070,2.9022
129305.0000,2.2070,2.5688
129371.0000,1.2630,1.4675
129387.0000,1.1470,1.3584
129478.0000,1.7620,2.4203
129488.0000,1.7060,1.9725
129530.0000,1.1970,1.5262
129543.0000,1.5750,1.5400
129624.0000,1.3260,1.7158
129704.0000,0.8840,1.5621
129864.0000,1.1090,1.4113
129991.0000,1.9610,1.6063
130184.0000,1.5020,1.9751
130211.0000,1.9560,1.8968
130281.0000,2.0300,2.3884
130301.0000,1.9280,2.1270
130365.0000,0.7670,1.5107
130371.0000,0.7810,1.4143
130464.0000,0.9210,1.3312
130554.0000,0.3780,0.7113
130561.0000,0.2480,0.6591
130613.0000,0.1080,0.1867
130632.0000,0.0928,0.0000
130649.0000,0.0615,0.4075
131093.0000,2.6790,2.4594
131113.0000,2.4540,2.3573
131149.0000,1.5730,1.9677
131178.0000,1.0190,1.5468
131422.0000,1.7960,2.2733
131561.0000,1.2040,1.5601
131643.0000,2.3140,2.2952
131868.0000,1.1570,2.2926
131885.0000,1.1570,1.7715
132073.0000,0.1780,0.0000
132145.0000,0.6000,0.8563
132204.0000,2.0870,1.2104
132399.0000,1.7310,2.3589
132459.0000,1.3900,2.0550
132605.0000,1.0590,1.4861
132686.0000,0.6610,1.0303
132759.0000,0.5460,0.8373
132761.0000,0.5380,0.7525
132762.0000,0.5460,0.7308
132765.0000,0.5460,0.5297
132873.0000,0.5910,0.6999
132978.0000,0.2940,0.4604
132980.0000,0.2860,0.3532
133069.0000,0.2400,0.8526
133123.0000,0.7400,0.5405
133199.0000,1.7830,1.5920
133522.0000,0.9150,0.9938
133625.0000,0.8910,0.6972
133629.0000,0.7530,0.7556
133759.0000,1.3720,1.0924
133849.0000,1.1670,1.1339
133854.0000,1.1290,1.0475
133919.0000,0.5830,0.6385
133964.0000,0.8700,0.9450
133973.0000,0.9400,1.1603
134024.0000,0.9550,1.5248
134107.0000,0.2640,0.4502
134109.0000,0.2320,0.4544
134113.0000,0.1930,0.0321
134129.0000,0.1080,0.0000
134215.0000,0.3820,0.6109
134221.0000,0.3980,0.7675
134314.0000,0.7570,0.7736
134322.0000,0.6870,0.6432
134371.0000,0.5140,0.9718
134431.0000,0.1720,0.3413
134533.0000,0.9630,0.4784
134547.0000,1.0170,0.7553
134662.0000,0.5050,0.5841
134675.0000,0.1950,0.3406
134775.0000,0.2980,0.3194
134826.0000,0.5610,0.8274
135008.0000,0.6460,0.9565
135033.0000,0.7080,1.1097
135084.0000,0.8340,0.6391
135525.0000,0.8680,1.0129
135633.0000,1.2140,1.1450
135747.0000,0.0546,0.0000
135812.0000,0.8470,0.8477
135991.0000,1.2620,1.3989
136036.0000,0.9480,0.9759
136037.0000,0.9560,1.0032
136196.0000,0.6530,0.7111
136198.0000,0.6530,0.6238
136496.0000,0.7780,0.9902
136813.0000,0.6870,1.0340
136825.0000,0.7330,0.9967
136914.0000,0.7200,0.8842
136979.0000,0.9190,0.9605
136995.0000,1.1230,1.2366
137033.0000,1.4870,2.0555
137045.0000,1.4940,2.2186
137106.0000,1.4540,1.4268
137140.0000,1.2650,1.4633
137191.0000,1.1350,1.0273
137295.0000,0.6100,0.9100
137614.0000,0.1090,0.0000
137722.0000,0.2250,0.2808
137775.0000,0.4390,0.5089
137788.0000,0.5260,0.6803
137920.0000,0.7410,0.7927
138033.0000,0.3200,0.4211
138035.0000,0.3200,0.2958
138068.0000,0.2400,0.2918
138145.0000,0.8170,1.1231
138227.0000,1.7360,2.2059
138297.0000,1.2530,1.3364
138523.0000,0.4830,0.8291
138630.0000,0.3880,0.2997
138638.0000,0.2780,0.3585
138663.0000,0.2080,0.3907
138737.0000,0.1780,0.7027
138901.0000,0.3040,0.8718
141584.0000,0.4130,0.6056
141628.0000,0.4520,0.7048
141775.0000,0.6200,0.5535
141853.0000,0.7520,0.6808
141986.0000,0.2640,0.5686
141994.0000,0.2640,0.6888
142017.0000,0.2720,0.5354
142176.0000,0.4420,0.7029
142203.0000,0.4500,0.7094
142314.0000,0.1080,0.0000
142334.0000,0.0858,0.0000
142416.0000,0.3200,0.9630
142837.0000,2.1280,1.9512
142860.0000,2.0990,2.2710
142890.0000,2.1240,1.9814
143246.0000,0.0550,0.0000
143267.0000,0.0707,0.0000
143323.0000,0.0935,0.1469
143406.0000,0.0782,0.1641
143419.0000,0.1010,0.0353
143809.0000,0.7300,1.1483
143814.0000,0.6990,0.8979
143842.0000,0.7920,1.3421
143874.0000,1.0520,1.5926
143875.0000,1.0520,1.7278
144147.0000,1.4060,1.6928
144160.0000,1.4360,1.4136
144266.0000,1.6580,1.8643
144309.0000,1.5880,2.2638
144341.0000,1.1830,2.2482
144371.0000,0.6740,0.9013
144530.0000,0.4510,0.7390
144569.0000,0.6360,0.7859
144881.0000,0.2270,0.5740
144962.0000,0.2570,0.4042
145295.0000,0.4510,0.6236
145313.0000,0.4820,0.5270
145441.0000,0.8160,0.5736
145515.0000,0.2410,0.2686
145626.0000,0.9570,1.1885
145767.0000,0.3580,0.8353
145797.0000,0.3130,0.7040
146143.0000,0.4260,0.7953
146235.0000,0.0615,0.0000
146272.0000,0.0619,0.0000
146364.0000,0.5130,0.7579
146515.0000,0.3840,0.5303
146571.0000,0.2580,0.4771
146921.0000,0.3640,0.6569
147010.0000,0.4440,0.6004
147225.0000,0.2330,0.4938
147403.0000,0.8580,1.1746
147449.0000,0.7120,1.1390
147467.0000,0.6420,0.9363
147499.0000,0.2760,0.7844
147562.0000,0.0470,0.0000
147706.0000,0.6350,0.7100
147754.0000,1.0010,0.9641
147852.0000,1.1110,1.2668
147855.0000,1.1190,1.1211
148174.0000,0.2320,0.6545
148311.0000,1.2080,0.9778
148353.0000,0.9220,1.1076
148386.0000,0.7200,0.7755
148451.0000,0.2950,0.5827
148554.0000,0.2710,0.3034
148556.0000,0.2860,0.2434
148642.0000,0.3850,0.7912
148696.0000,0.2990,0.9741
148864.0000,0.5520,0.6869
148918.0000,0.8870,1.0062
148976.0000,0.8490,1.0840
149094.0000,0.1710,0.1793
149421.0000,1.1970,1.6305
149585.0000,1.3010,0.9259
149693.0000,0.8240,0.7930
149725.0000,0.9870,1.5177
149808.0000,0.8030,1.0284
149906.0000,0.2960,0.1303
150095.0000,0.5960,0.6525
150176.0000,0.8810,0.6927
150332.0000,0.7810,0.8692
150411.0000,0.6590,0.7226
150443.0000,0.5050,0.4681
150576.0000,0.5240,0.5061
150783.0000,1.0220,0.9549
150941.0000,0.4810,0.5950
150962.0000,0.3640,0.5454
150998.0000,0.3260,0.4817
151036.0000,0.3730,0.5836
151095.0000,0.5710,0.7492
151197.0000,1.6470,1.4636
151339.0000,0.1080,0.2341
151420.0000,0.0470,0.3326
151513.0000,0.0155,0.0000
151579.0000,0.0543,0.0000
151667.0000,0.2960,0.6704
151824.0000,0.3210,0.7927
151889.0000,0.3520,0.7554
152126.0000,0.0155,0.0000
152139.0000,0.0155,0.0000
152247.0000,1.3630,1.1650
152445.0000,0.7690,1.0254
152630.0000,0.2860,0.4395
152896.0000,0.7160,0.7180
152976.0000,0.7780,1.1141
152981.0000,0.8010,1.1959
153086.0000,0.8220,0.9198
153222.0000,0.9500,1.0006
153313.0000,0.6310,0.9661
153401.0000,1.0230,0.9943
153454.0000,1.3910,1.3727
153720.0000,0.7240,0.3451
153790.0000,1.1060,1.0590
153815.0000,1.1220,1.0220
153926.0000,0.1790,0.0000
154026.0000,0.0235,0.0000
154077.0000,0.1310,0.0000
154094.0000,0.2710,0.2789
154102.0000,0.3320,0.4568
154247.0000,1.7740,1.3230
154443.0000,1.2180,1.3147
154515.0000,0.9750,1.3837
154549.0000,0.4620,1.0619
154579.0000,0.7080,1.0882
154713.0000,0.6820,0.7176
154721.0000,0.6120,0.6363
154941.0000,0.3490,0.6675
155201.0000,1.7980,1.5799
155362.0000,1.0140,0.9767
155511.0000,0.7080,0.6443
155704.0000,0.6760,0.7572
155849.0000,1.2440,1.7799
156024.0000,0.5100,1.2436
156049.0000,0.6030,0.9672
156205.0000,1.5940,1.6078
156225.0000,1.4910,1.4009
156382.0000,0.3100,0.7299
156436.0000,0.4130,0.5554
156488.0000,0.7540,1.1281
156588.0000,0.5590,0.8196
156629.0000,0.3030,0.4653
156856.0000,1.9190,1.4057
156982.0000,0.3900,0.5930
157159.0000,0.7630,0.7741
157171.0000,0.6770,0.7550
157216.0000,0.4020,0.3029
157274.0000,0.9630,0.8133
157301.0000,1.1890,1.0343
157389.0000,0.9240,1.3864
157407.0000,0.8480,1.1683
157453.0000,1.0520,1.1957
157559.0000,1.1760,1.1592
157638.0000,0.4670,1.1710
157689.0000,0.4140,0.6683
157748.0000,0.9260,0.7265
157754.0000,0.9410,0.7564
157870.0000,0.4110,0.8528
158223.0000,1.1790,1.1675
158243.0000,1.2020,1.0434
158323.0000,1.0480,1.0165
158396.0000,1.3750,1.4370
158512.0000,1.1200,1.4899
158696.0000,0.8000,0.7320
158736.0000,0.6540,0.5629
158949.0000,2.0220,1.0683
158969.0000,1.7710,0.9694
159074.0000,0.9390,1.3323
159114.0000,1.1570,1.2471
159270.0000,0.4830,0.4427
159389.0000,1.3340,1.2090
159408.0000,1.3410,0.8478
159626.0000,1.9420,1.8460
159766.0000,0.5780,0.7685
159778.0000,0.5470,0.5388
159905.0000,0.0699,0.1890
159932.0000,0.0854,0.1576
160027.0000,0.3640,0.6663
166531.0000,0.4280,0.2112
166651.0000,0.1540,0.0000
166737.0000,0.4150,0.4296
166764.0000,0.5560,0.8309
166835.0000,0.9380,1.2961
167100.0000,0.3680,1.0559
167120.0000,0.4740,0.7237
167219.0000,0.6130,1.2091
167444.0000,0.7660,0.7969
167570.0000,0.7940,1.4214
167595.0000,1.0520,1.2006
167622.0000,1.0920,1.7736
167778.0000,1.7380,1.9704
167857.0000,0.5990,0.9775
167865.0000,0.5600,0.8384
167955.0000,1.1940,1.1817
168233.0000,0.5690,1.2366
168387.0000,0.7710,0.8187
168395.0000,0.6450,0.7853
168407.0000,0.6140,0.7117
168440.0000,0.7940,0.8033
168519.0000,1.0030,0.9556
168616.0000,0.7650,1.2763
168658.0000,0.6320,1.3330
168712.0000,2.9510,2.2269
168754.0000,3.9870,4.0649
168862.0000,1.3170,1.8981
168944.0000,1.2890,1.6709
169001.0000,1.5460,2.4222
169033.0000,1.3280,1.2535
169113.0000,0.5610,0.8250
169159.0000,0.5060,0.5852
169188.0000,0.4590,0.5848
169339.0000,0.8020,0.8622
169512.0000,1.8760,2.1195
169748.0000,1.6400,2.1597
169851.0000,1.1250,1.1150
169887.0000,1.0410,1.0077
169929.0000,2.1930,2.1357
170143.0000,0.7110,1.3488
170172.0000,0.8170,1.0631
170280.0000,2.1590,1.5215
170437.0000,0.4590,0.7037
170476.0000,0.8620,1.0969
170479.0000,0.8780,0.9606
170661.0000,0.5750,1.1412
170751.0000,1.0010,0.9720
170972.0000,1.3350,1.9314
170993.0000,1.3260,1.6012
171061.0000,1.0250,1.2301
171252.0000,0.6100,0.9940
171379.0000,0.3800,0.2449
171547.0000,0.6770,0.9908
171712.0000,1.5260,1.4763
171875.0000,0.1400,0.0919
171916.0000,0.1090,0.0000
171983.0000,0.0394,0.0000
171996.0000,0.0235,0.0000
172057.0000,0.0394,0.0000
172062.0000,0.0394,0.0000
172073.0000,0.0314,0.0000
172091.0000,0.0470,0.0000
172136.0000,0.2090,0.3159
172389.0000,0.3750,0.8265
172466.0000,0.8860,0.8501
172472.0000,0.9020,0.7939
172594.0000,0.7290,0.5749
172643.0000,0.1010,0.0000
172818.0000,1.2370,1.4881
173037.0000,0.7310,0.8369
173118.0000,0.7320,0.6788
173343.0000,1.3370,1.0923
173366.0000,2.0920,1.4049
173439.0000,2.2700,1.7778
173443.0000,2.2160,1.6996
173483.0000,1.7060,1.5531
173516.0000,0.5780,0.8122
173686.0000,1.1890,0.9978
173733.0000,1.1530,1.3880
173777.0000,0.8900,1.0250
173847.0000,0.3590,1.1969
173881.0000,0.4370,1.0080
174229.0000,1.0360,0.9851
174377.0000,0.8520,1.1811
174479.0000,0.7900,1.2440
174616.0000,2.0560,2.1667
174619.0000,2.0640,2.2850
174720.0000,0.7950,1.5445
174854.0000,0.8300,0.7004
175100.0000,1.4830,1.9476
175261.0000,1.1440,1.2494
175331.0000,1.3920,2.0442
175634.0000,0.5440,0.9020
175675.0000,0.5510,0.8618
175687.0000,0.5440,0.7650
175705.0000,0.4890,0.5332
175912.0000,0.6370,0.6992
176011.0000,0.3810,0.3073
176083.0000,0.1150,0.1948
176174.0000,0.1840,0.0000
176200.0000,0.1840,0.0000
176279.0000,0.1150,0.0000
176303.0000,0.1700,0.0000
177357.0000,1.1680,1.1589
177374.0000,1.1060,1.2925
177418.0000,0.9980,1.0093
177424.0000,0.8180,0.8227
177660.0000,2.5510,2.4386
177941.0000,0.6080,1.0611
178116.0000,1.4050,1.0235
178205.0000,1.3570,1.4093
178239.0000,0.9590,0.7913
178402.0000,0.7550,1.3237
178428.0000,0.6540,1.0963
178577.0000,1.1040,0.9556
178634.0000,1.0510,1.2094
178879.0000,0.8180,0.8878
178940.0000,0.7620,0.7702
178980.0000,0.3720,0.4190
179025.0000,0.2260,0.3158
179178.0000,0.2560,0.5041
179237.0000,0.2980,0.3405
179361.0000,1.1130,1.5218
179569.0000,0.3820,0.6328
179672.0000,1.1330,1.1417
179711.0000,1.1890,1.1628
179758.0000,1.1590,1.1138
179778.0000,1.0950,0.9563
179871.0000,1.1090,0.9669
179890.0000,1.1330,1.3166
179941.0000,0.9650,0.9976
179948.0000,0.9730,1.0350
179971.0000,0.8730,0.8376
179987.0000,0.6450,0.5505
179996.0000,0.6440,0.4175
180065.0000,0.3940,0.6046
180089.0000,0.4550,0.5828
180090.0000,0.4550,0.4804
180114.0000,0.4320,0.6779
180118.0000,0.4320,0.5986
180375.0000,0.5190,0.7099
180448.0000,1.7220,1.3991
180535.0000,2.1290,2.5827
180548.0000,2.1450,1.7063
180656.0000,0.6160,1.4219
180805.0000,0.3260,0.7136
181428.0000,0.4890,0.6237
181439.0000,0.6070,0.8201
181457.0000,0.7300,0.7733
181526.0000,1.8360,1.8314
181728.0000,1.4360,1.2316
182164.0000,1.2560,1.5866
182314.0000,0.6110,0.8765
182337.0000,0.7980,1.1822
184128.0000,1.4690,1.4283
184186.0000,1.2670,0.8780
184348.0000,1.1910,1.1592
184460.0000,0.3570,0.6627
184608.0000,0.4970,0.6154
185111.0000,2.7930,2.6379
185436.0000,1.4050,1.1660
185549.0000,0.5850,0.7423
185744.0000,0.2340,0.5779
185901.0000,0.1630,0.0000
185983.0000,0.5290,0.7801
186113.0000,1.0220,1.2366
186143.0000,0.8880,1.1359
186158.0000,0.9590,1.6055
186195.0000,0.7020,0.9738
186282.0000,1.0380,1.0946
186391.0000,0.3100,0.7762
186419.0000,0.3420,0.9234
186461.0000,0.4280,0.8251
186480.0000,0.5150,0.9047
186801.0000,0.4840,0.8862
186819.0000,0.4680,0.5614
186855.0000,0.4440,0.5657
186879.0000,0.2780,0.5666
186911.0000,0.7960,0.4717
189924.0000,1.2810,1.2369
189958.0000,1.7090,1.6540
189977.0000,1.6530,1.5262
189988.0000,1.7000,1.9326
189992.0000,1.7150,1.8595
190038.0000,1.6080,2.1419
190088.0000,1.1760,1.7417
190205.0000,0.8680,2.1371
190427.0000,0.8790,1.9990
190588.0000,2.9050,2.5794
190875.0000,1.1320,1.7891
190960.0000,1.1460,2.3696
190963.0000,1.2020,1.6945
191041.0000,1.1590,1.5346
191097.0000,1.6180,1.6046
191128.0000,1.5810,2.5935
191198.0000,1.8880,2.2662
191249.0000,1.6240,1.7985
191343.0000,1.1890,1.4415
191663.0000,2.0730,1.9882
191982.0000,2.3660,2.6078
191986.0000,2.3660,2.7378
192129.0000,0.8880,1.5262
192377.0000,0.3410,0.6465
192387.0000,0.3650,0.6027
192511.0000,0.1090,0.0000
192528.0000,0.1010,0.0000
192658.0000,0.7840,1.4355
192942.0000,1.7830,1.6649
193118.0000,2.0250,2.0691
193265.0000,1.7920,2.0355
193284.0000,1.6670,1.7202
193381.0000,0.7430,2.4120
193404.0000,0.6560,1.7158
193618.0000,1.0870,1.7046
193697.0000,1.3190,1.3242
193940.0000,0.5400,0.8128
194032.0000,0.4350,0.5134
194268.0000,1.1060,0.9661
194408.0000,1.0970,0.9608
194593.0000,0.2080,0.1279
195045.0000,1.6340,1.2683
195114.0000,0.6770,1.4891
195187.0000,2.0230,1.2605
195188.0000,2.0230,1.5262
195200.0000,2.0850,1.4026
195253.0000,2.0620,1.6060
195295.0000,1.2090,1.3745
195307.0000,1.1470,1.3543
195643.0000,1.3600,1.7081
195708.0000,0.5290,0.8502
195794.0000,0.7320,0.8016
195829.0000,0.9420,1.2216
195895.0000,1.1500,1.5765
195917.0000,1.1040,1.3732
195971.0000,0.9490,1.0599
196060.0000,0.4690,0.7016
196118.0000,0.3180,0.8439
196121.0000,0.3340,0.6514
196402.0000,0.2330,0.0000
196518.0000,0.1480,0.0307
196807.0000,0.6440,0.6479
197184.0000,0.2110,0.3283
197222.0000,0.1250,0.0000
197238.0000,0.2250,0.0000
197263.0000,0.4880,0.4619
197308.0000,0.8880,0.8903
197357.0000,0.9190,0.8633
197426.0000,0.1700,0.3769
197529.0000,0.0546,0.0000
197672.0000,0.6460,0.5822
197809.0000,0.7620,0.6756
197880.0000,0.6770,1.2063
197891.0000,0.5910,1.1085
197918.0000,0.4740,0.7159
197952.0000,0.3980,0.7014
198034.0000,0.4440,0.5779
198140.0000,0.5170,0.5612
198191.0000,0.6340,0.4966
198251.0000,0.5970,0.7205
198305.0000,0.5440,0.6652
198528.0000,0.8010,0.9119
198679.0000,0.3580,0.4045
198697.0000,0.3660,0.5829
198799.0000,0.2580,0.6121
198852.0000,0.2190,0.4237
198853.0000,0.2190,0.3752
198866.0000,0.2810,0.0230
198981.0000,0.6290,0.8726
198994.0000,0.6280,0.7077
199047.0000,0.4750,0.4885
199102.0000,0.9390,0.8128
199222.0000,0.5690,0.7132
199227.0000,0.6080,0.5488
199412.0000,0.5600,0.9696
199416.0000,0.5530,0.9610
199427.0000,0.4970,1.0237
199467.0000,0.4510,0.7697
199638.0000,0.3760,0.7925
199646.0000,0.3680,0.9180
199709.0000,0.5610,0.7348
199777.0000,0.3880,0.5431
199785.0000,0.3490,0.3568
199915.0000,0.0155,0.0000
199958.0000,0.0231,0.0000
199973.0000,0.0231,0.0000
200058.0000,0.1240,0.0000
200086.0000,0.2020,0.1871
200160.0000,0.2560,0.2971
200242.0000,0.1920,0.0887
200314.0000,0.4440,0.4739
200378.0000,0.5370,0.4261
200431.0000,0.3580,0.5359
200528.0000,0.2650,0.3070
200581.0000,0.4440,0.7154
200648.0000,1.2230,1.6711
200672.0000,1.3170,1.5565
200895.0000,0.3800,0.5216
201112.0000,0.3140,0.5420
201186.0000,0.8630,1.0482
201363.0000,1.2510,0.9466
201388.0000,1.0480,1.0092
201400.0000,0.9530,1.0908
201429.0000,0.6690,0.8219
201487.0000,0.2780,0.2637
201547.0000,0.1470,0.0000
201663.0000,0.1710,0.5217
201723.0000,0.6570,0.5213
201734.0000,0.6650,0.6067
201873.0000,0.9930,0.8988
202008.0000,0.4900,0.4635
202165.0000,0.3660,0.6960
202414.0000,0.6930,0.6843
202575.0000,0.9190,1.4158
202578.0000,0.9270,1.4809
202592.0000,0.9190,1.1164
202635.0000,0.8180,0.9721
202755.0000,1.4410,1.2391
202816.0000,1.6130,1.3914
202898.0000,1.0710,1.2399
202944.0000,1.0240,1.6087
227054.0000,0.8100,0.8276
227063.0000,0.9100,1.1014
227132.0000,0.8060,0.8493
227144.0000,0.7210,0.8900
227339.0000,0.4030,0.7254
227411.0000,0.2250,0.3534
229869.0000,0.9720,1.4574
229904.0000,0.9730,2.6104
